Student_ID,Period,Registration_Date,Time_Slot,Level,Retention_Flag,Status ,Feedback_Score,Attendance_Rate,Marketing_Channel,Month,Month_Number
1001,Pre-Implementation,2023-04-10,10:00,A1,Yes,Confirmed,3.0,0.8,Messenger,Apr,4
1002,Pre-Implementation,2023-04-13,10:00,A2,No,Confirmed,1.0,0.2,Instagram,Apr,4
1003,Pre-Implementation,2023-04-13,16:00,A2,No,Confirmed,1.0,0.3,Instagram,Apr,4
1004,Pre-Implementation,2023-04-15,10:00,B1,No,Cancelled,4.0,0.7,WhatsApp,Apr,4
1005,Pre-Implementation,2023-04-18,19:00,A1,Yes,Confirmed,2.0,0.7,WhatsApp,Apr,4
1006,Pre-Implementation,2023-04-18,10:00,A1,Yes,Confirmed,3.0,0.5,WhatsApp,Apr,4
1007,Pre-Implementation,2023-04-18,16:00,A1,Yes,Confirmed,2.0,0.8,WhatsApp,Apr,4
1008,Pre-Implementation,2023-04-19,10:00,A2,No,Confirmed,2.0,0.2,Instagram,Apr,4
1009,Pre-Implementation,2023-04-19,10:00,A2,Yes,Confirmed,5.0,0.3,Instagram,Apr,4
1010,Pre-Implementation,2023-04-19,10:00,A2,Yes,Confirmed,2.0,0.9,WhatsApp,Apr,4
1011,Pre-Implementation,2023-04-19,10:00,A2,Yes,Confirmed,3.0,0.5,WhatsApp,Apr,4
1012,Pre-Implementation,2023-04-19,10:00,A2,Yes,Confirmed,1.0,0.3,WhatsApp,Apr,4
1013,Pre-Implementation,2023-04-19,10:00,A2,Yes,Confirmed,3.0,0.4,WhatsApp,Apr,4
1014,Pre-Implementation,2023-04-27,10:00,A1,Yes,Confirmed,2.0,0.7,Messenger,Apr,4
1015,Pre-Implementation,2023-04-27,16:00,A1,No,Cancelled,2.0,0.2,WhatsApp,Apr,4
1016,Pre-Implementation,2023-04-29,10:00,A1,Yes,Confirmed,5.0,0.4,WhatsApp,Apr,4
1017,Pre-Implementation,2023-05-01,19:00,A1,No,Confirmed,2.0,0.3,WhatsApp,May,5
1018,Pre-Implementation,2023-05-01,16:00,B1,No,Confirmed,5.0,0.4,WhatsApp,May,5
1019,Pre-Implementation,2023-05-01,10:00,A1,Yes,Confirmed,3.0,0.3,Messenger,May,5
1020,Pre-Implementation,2023-05-01,19:00,A1,Yes,Confirmed,2.0,0.9,WhatsApp,May,5
1021,Pre-Implementation,2023-05-01,10:00,A1,No,Confirmed,5.0,0.7,Instagram,May,5
1022,Pre-Implementation,2023-05-02,19:00,A1,No,Cancelled,3.0,0.5,Messenger,May,5
1023,Pre-Implementation,2023-05-02,10:00,A1,Yes,Confirmed,5.0,0.3,WhatsApp,May,5
1024,Pre-Implementation,2023-05-06,19:00,A1,Yes,Confirmed,2.0,1.0,WhatsApp,May,5
1025,Pre-Implementation,2023-05-07,10:00,A2,No,Confirmed,2.0,0.6,WhatsApp,May,5
1026,Pre-Implementation,2023-05-10,10:00,A1,No,Confirmed,1.0,0.3,Messenger,May,5
1027,Pre-Implementation,2023-05-10,10:00,A1,No,Confirmed,5.0,0.3,WhatsApp,May,5
1028,Pre-Implementation,2023-05-13,16:00,A1,Yes,Confirmed,4.0,0.8,Messenger,May,5
1029,Pre-Implementation,2023-05-14,10:00,A1,No,Confirmed,4.0,0.5,WhatsApp,May,5
1030,Pre-Implementation,2023-05-15,16:00,A2,No,Confirmed,5.0,0.1,Messenger,May,5
1031,Pre-Implementation,2023-05-15,10:00,A2,No,Confirmed,2.0,0.5,WhatsApp,May,5
1032,Pre-Implementation,2023-05-16,10:00,A1,Yes,Confirmed,4.0,0.9,WhatsApp,May,5
1033,Pre-Implementation,2023-05-16,10:00,A1,Yes,Confirmed,1.0,0.7,WhatsApp,May,5
1034,Pre-Implementation,2023-05-16,10:00,A1,Yes,Confirmed,1.0,0.9,WhatsApp,May,5
1035,Pre-Implementation,2023-05-22,10:00,A1,Yes,Confirmed,3.0,0.6,WhatsApp,May,5
1036,Pre-Implementation,2023-05-23,10:00,A1,Yes,Confirmed,1.0,0.1,Messenger,May,5
1037,Pre-Implementation,2023-05-23,10:00,B1,No,Confirmed,4.0,0.1,Messenger,May,5
1038,Pre-Implementation,2023-05-24,10:00,B1,No,Confirmed,3.0,0.3,WhatsApp,May,5
1039,Pre-Implementation,2023-05-27,16:00,B1,No,Confirmed,2.0,0.5,WhatsApp,May,5
1040,Pre-Implementation,2023-05-27,10:00,A1,Yes,Cancelled,5.0,0.6,Instagram,May,5
1041,Pre-Implementation,2023-05-27,16:00,A1,Yes,Confirmed,1.0,0.4,Instagram,May,5
1042,Pre-Implementation,2023-05-27,10:00,A1,Yes,Confirmed,5.0,0.2,WhatsApp,May,5
1043,Pre-Implementation,2023-05-27,10:00,A1,No,Cancelled,4.0,0.3,Messenger,May,5
1044,Pre-Implementation,2023-05-27,10:00,A1,No,Cancelled,3.0,0.5,Messenger,May,5
1045,Pre-Implementation,2023-05-29,10:00,A1,Yes,Confirmed,2.0,0.8,Instagram,May,5
1046,Pre-Implementation,2023-05-29,10:00,A1,Yes,Confirmed,5.0,0.6,WhatsApp,May,5
1047,Pre-Implementation,2023-05-30,16:00,A2,No,Confirmed,1.0,0.8,Messenger,May,5
1048,Pre-Implementation,2023-05-30,16:00,A1,No,Confirmed,2.0,0.4,Messenger,May,5
1049,Pre-Implementation,2023-06-03,10:00,A1,No,Cancelled,2.0,0.5,WhatsApp,Jun,6
1050,Pre-Implementation,2023-06-03,10:00,A1,No,Confirmed,3.0,0.2,WhatsApp,Jun,6
1051,Pre-Implementation,2023-06-03,10:00,A1,No,Confirmed,3.0,0.9,Messenger,Jun,6
1052,Pre-Implementation,2023-06-04,10:00,A1,No,Confirmed,2.0,0.4,Messenger,Jun,6
1053,Pre-Implementation,2023-06-05,16:00,A1,No,Confirmed,2.0,0.9,WhatsApp,Jun,6
1054,Pre-Implementation,2023-06-05,10:00,A1,No,Confirmed,3.0,0.7,Messenger,Jun,6
1055,Pre-Implementation,2023-06-07,16:00,A1,Yes,Confirmed,3.0,0.3,Messenger,Jun,6
1056,Pre-Implementation,2023-06-08,10:00,B2,No,Confirmed,2.0,0.6,Messenger,Jun,6
1057,Pre-Implementation,2023-06-11,16:00,A1,No,Confirmed,3.0,0.1,Messenger,Jun,6
1058,Pre-Implementation,2023-06-11,19:00,A1,No,Confirmed,4.0,0.1,Messenger,Jun,6
1059,Pre-Implementation,2023-06-11,10:00,A1,No,Confirmed,1.0,0.2,WhatsApp,Jun,6
1060,Pre-Implementation,2023-06-11,10:00,A1,Yes,Cancelled,5.0,0.3,WhatsApp,Jun,6
1061,Pre-Implementation,2023-06-12,16:00,A1,No,Confirmed,1.0,0.9,Messenger,Jun,6
1062,Pre-Implementation,2023-06-13,16:00,A1,No,Confirmed,1.0,0.7,WhatsApp,Jun,6
1063,Pre-Implementation,2023-06-13,10:00,A1,No,Confirmed,3.0,0.2,WhatsApp,Jun,6
1064,Pre-Implementation,2023-06-13,10:00,A1,No,Confirmed,5.0,0.3,WhatsApp,Jun,6
1065,Pre-Implementation,2023-06-17,10:00,A1,No,Confirmed,3.0,0.5,WhatsApp,Jun,6
1066,Pre-Implementation,2023-06-17,10:00,A1,No,Cancelled,1.0,0.5,Messenger,Jun,6
1067,Pre-Implementation,2023-06-17,10:00,B2,No,Confirmed,2.0,0.3,WhatsApp,Jun,6
1068,Pre-Implementation,2023-06-18,10:00,A1,No,Cancelled,3.0,0.4,Messenger,Jun,6
1069,Pre-Implementation,2023-06-19,10:00,A2,No,Confirmed,4.0,0.9,Messenger,Jun,6
1070,Pre-Implementation,2023-06-19,10:00,A1,No,Cancelled,2.0,0.7,Messenger,Jun,6
1071,Pre-Implementation,2023-06-21,10:00,A1,No,Confirmed,3.0,1.0,Messenger,Jun,6
1072,Pre-Implementation,2023-06-22,16:00,A1,No,Confirmed,5.0,0.5,WhatsApp,Jun,6
1073,Pre-Implementation,2023-06-22,16:00,A1,No,Confirmed,4.0,0.2,WhatsApp,Jun,6
1074,Pre-Implementation,2023-06-22,10:00,A1,No,Confirmed,3.0,0.2,WhatsApp,Jun,6
1075,Pre-Implementation,2023-06-22,10:00,A1,No,Confirmed,5.0,0.4,Instagram,Jun,6
1076,Pre-Implementation,2023-06-24,10:00,A1,No,Cancelled,2.0,0.6,WhatsApp,Jun,6
1077,Pre-Implementation,2023-06-24,10:00,A1,No,Confirmed,3.0,0.6,WhatsApp,Jun,6
1078,Pre-Implementation,2023-07-03,19:00,A1,Yes,Confirmed,2.0,0.9,Instagram,Jul,7
1079,Pre-Implementation,2023-07-03,19:00,A1,Yes,Confirmed,5.0,0.3,WhatsApp,Jul,7
1080,Pre-Implementation,2023-07-03,19:00,A1,Yes,Confirmed,3.0,0.2,Instagram,Jul,7
1081,Pre-Implementation,2023-07-03,16:00,A2,No,Confirmed,2.0,0.6,Instagram,Jul,7
1082,Pre-Implementation,2023-07-03,10:00,A1,No,Confirmed,2.0,0.5,Messenger,Jul,7
1083,Pre-Implementation,2023-07-04,19:00,A1,No,Confirmed,2.0,1.0,Messenger,Jul,7
1084,Pre-Implementation,2023-07-06,10:00,A1,No,Confirmed,3.0,1.0,WhatsApp,Jul,7
1085,Pre-Implementation,2023-07-06,10:00,A1,No,Confirmed,1.0,1.0,Messenger,Jul,7
1086,Pre-Implementation,2023-07-08,10:00,A1,No,Cancelled,4.0,0.6,WhatsApp,Jul,7
1087,Pre-Implementation,2023-07-08,10:00,A1,No,Confirmed,2.0,0.5,WhatsApp,Jul,7
1088,Pre-Implementation,2023-07-08,10:00,A1,No,Confirmed,5.0,0.8,WhatsApp,Jul,7
1089,Pre-Implementation,2023-07-10,16:00,A1,No,Confirmed,2.0,0.7,Messenger,Jul,7
1090,Pre-Implementation,2023-07-10,10:00,A1,No,Confirmed,4.0,0.2,Messenger,Jul,7
1091,Pre-Implementation,2023-07-10,19:00,A1,No,Confirmed,2.0,0.1,WhatsApp,Jul,7
1092,Pre-Implementation,2023-07-11,10:00,A1,No,Confirmed,4.0,0.4,WhatsApp,Jul,7
1093,Pre-Implementation,2023-07-11,16:00,A1,No,Confirmed,1.0,0.2,Messenger,Jul,7
1094,Pre-Implementation,2023-07-11,10:00,A1,No,Confirmed,1.0,0.2,Messenger,Jul,7
1095,Pre-Implementation,2023-07-11,10:00,A1,No,Confirmed,5.0,0.3,WhatsApp,Jul,7
1096,Pre-Implementation,2023-07-11,10:00,B2,No,Confirmed,3.0,0.9,WhatsApp,Jul,7
1097,Pre-Implementation,2023-07-13,10:00,A1,Yes,Confirmed,1.0,1.0,Messenger,Jul,7
1098,Pre-Implementation,2023-07-13,10:00,A1,No,Confirmed,3.0,0.7,Messenger,Jul,7
1099,Pre-Implementation,2023-07-13,10:00,A1,No,Confirmed,2.0,0.7,WhatsApp,Jul,7
1100,Pre-Implementation,2023-07-15,16:00,A1,No,Confirmed,2.0,0.3,Messenger,Jul,7
1101,Pre-Implementation,2023-07-15,19:00,A1,No,Cancelled,5.0,0.2,WhatsApp,Jul,7
1102,Pre-Implementation,2023-07-16,10:00,A1,No,Confirmed,3.0,0.5,WhatsApp,Jul,7
1103,Pre-Implementation,2023-07-16,10:00,A1,No,Confirmed,5.0,0.8,Messenger,Jul,7
1104,Pre-Implementation,2023-07-16,16:00,A1,No,Confirmed,1.0,0.2,Instagram,Jul,7
1105,Pre-Implementation,2023-07-16,19:00,A1,Yes,Confirmed,1.0,0.9,WhatsApp,Jul,7
1106,Pre-Implementation,2023-07-16,19:00,A1,No,Cancelled,2.0,0.3,WhatsApp,Jul,7
1107,Pre-Implementation,2023-07-16,19:00,A1,No,Cancelled,3.0,0.3,Instagram,Jul,7
1108,Pre-Implementation,2023-07-16,19:00,A1,No,Cancelled,2.0,0.5,Messenger,Jul,7
1109,Pre-Implementation,2023-07-17,10:00,A1,No,Confirmed,5.0,0.8,WhatsApp,Jul,7
1110,Pre-Implementation,2023-07-17,10:00,A1,No,Confirmed,4.0,0.2,WhatsApp,Jul,7
1111,Pre-Implementation,2023-07-17,10:00,A1,No,Confirmed,4.0,0.2,WhatsApp,Jul,7
1112,Pre-Implementation,2023-07-17,10:00,A1,No,Confirmed,1.0,0.3,Messenger,Jul,7
1113,Pre-Implementation,2023-07-17,16:00,A1,No,Confirmed,2.0,0.4,WhatsApp,Jul,7
1114,Pre-Implementation,2023-07-17,16:00,A1,No,Confirmed,2.0,0.3,Messenger,Jul,7
1115,Pre-Implementation,2023-07-17,16:00,A1,No,Confirmed,1.0,0.9,WhatsApp,Jul,7
1116,Pre-Implementation,2023-07-18,19:00,A1,No,Confirmed,1.0,0.1,Messenger,Jul,7
1117,Pre-Implementation,2023-07-18,19:00,A1,Yes,Confirmed,5.0,0.9,WhatsApp,Jul,7
1118,Pre-Implementation,2023-07-18,19:00,A1,No,Confirmed,4.0,0.9,Messenger,Jul,7
1119,Pre-Implementation,2023-07-20,19:00,A2,No,Cancelled,1.0,0.7,WhatsApp,Jul,7
1120,Pre-Implementation,2023-07-25,19:00,A2,No,Confirmed,4.0,0.9,WhatsApp,Jul,7
1121,Pre-Implementation,2023-07-25,10:00,A1,No,Confirmed,2.0,0.5,WhatsApp,Jul,7
1122,Pre-Implementation,2023-07-25,19:00,A1,No,Cancelled,2.0,0.3,Messenger,Jul,7
1123,Pre-Implementation,2023-07-25,19:00,A1,No,Cancelled,5.0,0.6,WhatsApp,Jul,7
1124,Pre-Implementation,2023-07-26,19:00,A2,No,Confirmed,2.0,0.3,WhatsApp,Jul,7
1125,Pre-Implementation,2023-07-26,19:00,B1,No,Cancelled,2.0,0.3,Instagram,Jul,7
1126,Pre-Implementation,2023-07-26,19:00,A2,No,Confirmed,4.0,0.4,WhatsApp,Jul,7
1127,Pre-Implementation,2023-07-29,10:00,A1,No,Confirmed,1.0,0.7,WhatsApp,Jul,7
1128,Pre-Implementation,2023-07-29,19:00,B1,No,Cancelled,5.0,0.9,Messenger,Jul,7
1129,Pre-Implementation,2023-07-29,19:00,A2,No,Confirmed,3.0,0.6,Messenger,Jul,7
1130,Pre-Implementation,2023-07-29,16:00,A1,No,Confirmed,2.0,0.4,WhatsApp,Jul,7
1131,Pre-Implementation,2023-07-29,19:00,A1,Yes,Confirmed,1.0,0.2,WhatsApp,Jul,7
1132,Pre-Implementation,2024-07-29,10:00,A1,No,Confirmed,2.0,0.5,Instagram,Jul,7
1133,Pre-Implementation,2025-07-29,10:00,A1,No,Cancelled,4.0,0.3,Messenger,Jul,7
1134,Pre-Implementation,2023-07-31,10:00,A1,No,Confirmed,2.0,0.6,Messenger,Jul,7
1135,Pre-Implementation,2023-07-31,10:00,A1,Yes,Confirmed,4.0,0.3,WhatsApp,Jul,7
1136,Pre-Implementation,2023-07-31,19:00,A1,Yes,Confirmed,2.0,0.5,WhatsApp,Jul,7
1137,Pre-Implementation,2023-07-31,16:00,A1,Yes,Confirmed,5.0,0.5,Messenger,Jul,7
1138,Pre-Implementation,2023-07-31,16:00,A1,Yes,Confirmed,4.0,0.9,Messenger,Jul,7
1139,Pre-Implementation,2023-07-31,10:00,A1,Yes,Confirmed,2.0,0.9,WhatsApp,Jul,7
1140,Pre-Implementation,2023-07-31,10:00,A1,Yes,Confirmed,5.0,0.2,Messenger,Jul,7
1141,Pre-Implementation,2023-07-31,19:00,A2,No,Confirmed,3.0,0.3,WhatsApp,Jul,7
1142,Pre-Implementation,2023-07-31,19:00,B1,No,Confirmed,2.0,0.7,Messenger,Jul,7
1143,Pre-Implementation,2023-08-01,16:00,A1,No,Cancelled,4.0,0.9,WhatsApp,Aug,8
1144,Pre-Implementation,2023-08-01,16:00,A1,Yes,Confirmed,2.0,0.1,Messenger,Aug,8
1145,Pre-Implementation,2023-08-01,19:00,B1,No,Confirmed,2.0,0.5,Messenger,Aug,8
1146,Pre-Implementation,2023-08-02,16:00,A1,No,Confirmed,4.0,0.7,WhatsApp,Aug,8
1147,Pre-Implementation,2023-08-02,10:00,A1,Yes,Confirmed,5.0,1.0,WhatsApp,Aug,8
1148,Pre-Implementation,2023-08-03,19:00,A1,No,Confirmed,5.0,0.9,Instagram,Aug,8
1149,Pre-Implementation,2023-08-05,10:00,A1,No,Confirmed,2.0,0.3,WhatsApp,Aug,8
1150,Pre-Implementation,2023-08-05,10:00,A1,Yes,Confirmed,5.0,0.2,Messenger,Aug,8
1151,Pre-Implementation,2024-08-05,19:00,A1,Yes,Cancelled,4.0,0.2,WhatsApp,Aug,8
1152,Pre-Implementation,2025-08-05,19:00,A1,No,Cancelled,2.0,0.3,Messenger,Aug,8
1153,Pre-Implementation,2026-08-05,19:00,A1,Yes,Cancelled,1.0,0.7,WhatsApp,Aug,8
1154,Pre-Implementation,2026-08-05,19:00,B1,No,Confirmed,3.0,0.3,WhatsApp,Aug,8
1155,Pre-Implementation,2023-08-06,19:00,B1,No,Confirmed,1.0,0.2,Messenger,Aug,8
1156,Pre-Implementation,2023-08-06,10:00,A1,No,Confirmed,2.0,1.0,Instagram,Aug,8
1157,Pre-Implementation,2023-08-06,16:00,A1,No,Confirmed,4.0,0.8,Messenger,Aug,8
1158,Pre-Implementation,2023-08-07,16:00,A1,No,Confirmed,1.0,0.4,WhatsApp,Aug,8
1159,Pre-Implementation,2023-08-07,10:00,A1,Yes,Confirmed,1.0,0.4,WhatsApp,Aug,8
1160,Pre-Implementation,2023-08-09,16:00,A1,Yes,Confirmed,3.0,0.7,Messenger,Aug,8
1161,Pre-Implementation,2023-08-09,19:00,A1,No,Confirmed,2.0,0.2,Messenger,Aug,8
1162,Pre-Implementation,2023-08-10,10:00,A1,No,Confirmed,3.0,0.2,Instagram,Aug,8
1163,Pre-Implementation,2023-08-10,19:00,B1,No,Cancelled,5.0,0.5,WhatsApp,Aug,8
1164,Pre-Implementation,2023-08-12,19:00,A1,No,Confirmed,5.0,0.4,WhatsApp,Aug,8
1165,Pre-Implementation,2023-08-12,19:00,A2,No,Confirmed,3.0,0.5,WhatsApp,Aug,8
1166,Pre-Implementation,2023-08-13,10:00,A1,Yes,Confirmed,2.0,0.4,Instagram,Aug,8
1167,Pre-Implementation,2023-08-13,16:00,A1,No,Confirmed,3.0,0.5,Messenger,Aug,8
1168,Pre-Implementation,2023-08-13,19:00,A1,No,Cancelled,2.0,0.8,WhatsApp,Aug,8
1169,Pre-Implementation,2023-08-13,19:00,A1,Yes,Confirmed,5.0,0.9,Instagram,Aug,8
1170,Pre-Implementation,2023-08-13,10:00,A1,Yes,Confirmed,2.0,0.2,Messenger,Aug,8
1171,Pre-Implementation,2023-08-16,10:00,A1,No,Confirmed,2.0,0.2,WhatsApp,Aug,8
1172,Pre-Implementation,2023-08-17,16:00,A1,Yes,Confirmed,2.0,0.3,WhatsApp,Aug,8
1173,Pre-Implementation,2023-08-19,16:00,A1,Yes,Confirmed,4.0,0.5,WhatsApp,Aug,8
1174,Pre-Implementation,2023-08-19,19:00,A1,No,Confirmed,4.0,0.6,WhatsApp,Aug,8
1175,Pre-Implementation,2023-08-19,16:00,A1,Yes,Confirmed,5.0,0.4,Instagram,Aug,8
1176,Pre-Implementation,2023-08-19,16:00,A1,Yes,Confirmed,3.0,0.9,WhatsApp,Aug,8
1177,Pre-Implementation,2023-08-19,19:00,A2,No,Confirmed,3.0,1.0,WhatsApp,Aug,8
1178,Pre-Implementation,2023-08-19,10:00,A1,Yes,Confirmed,3.0,0.8,Messenger,Aug,8
1179,Pre-Implementation,2023-08-20,19:00,A1,Yes,Confirmed,1.0,0.5,Instagram,Aug,8
1180,Pre-Implementation,2023-08-17,16:00,A1,Yes,Confirmed,2.0,0.6,Messenger,Aug,8
1181,Pre-Implementation,2023-08-20,16:00,A1,Yes,Confirmed,1.0,0.7,Messenger,Aug,8
1182,Pre-Implementation,2023-08-20,19:00,A1,Yes,Confirmed,4.0,0.3,WhatsApp,Aug,8
1183,Pre-Implementation,2023-08-20,19:00,A1,No,Confirmed,3.0,0.7,WhatsApp,Aug,8
1184,Pre-Implementation,2023-08-21,10:00,A1,No,Confirmed,1.0,0.8,WhatsApp,Aug,8
1185,Pre-Implementation,2023-08-22,16:00,A1,Yes,Confirmed,3.0,1.0,Messenger,Aug,8
1186,Pre-Implementation,2023-08-22,10:00,A1,No,Confirmed,5.0,0.9,Instagram,Aug,8
1187,Pre-Implementation,2023-08-22,10:00,A1,No,Confirmed,2.0,0.1,Instagram,Aug,8
1188,Pre-Implementation,2023-08-23,16:00,A1,No,Cancelled,3.0,0.3,Messenger,Aug,8
1189,Pre-Implementation,2023-08-23,16:00,A1,No,Confirmed,4.0,0.2,Messenger,Aug,8
1190,Pre-Implementation,2023-08-24,16:00,A1,No,Confirmed,1.0,0.7,WhatsApp,Aug,8
1191,Pre-Implementation,2023-08-26,10:00,A1,No,Confirmed,3.0,0.6,Messenger,Aug,8
1192,Pre-Implementation,2023-08-26,10:00,A1,No,Confirmed,4.0,0.5,WhatsApp,Aug,8
1193,Pre-Implementation,2023-08-26,10:00,A1,No,Confirmed,1.0,0.6,Messenger,Aug,8
1194,Pre-Implementation,2023-08-26,10:00,A1,No,Confirmed,1.0,0.2,WhatsApp,Aug,8
1195,Pre-Implementation,2023-08-26,19:00,A1,No,Confirmed,1.0,0.7,Instagram,Aug,8
1196,Pre-Implementation,2023-08-26,16:00,A1,No,Confirmed,2.0,0.3,WhatsApp,Aug,8
1197,Pre-Implementation,2024-08-26,16:00,A2,No,Confirmed,5.0,0.9,Messenger,Aug,8
1198,Pre-Implementation,2024-08-26,16:00,A1,No,Confirmed,5.0,0.5,WhatsApp,Aug,8
1199,Pre-Implementation,2023-08-27,10:00,A1,No,Confirmed,1.0,0.3,WhatsApp,Aug,8
1200,Pre-Implementation,2023-08-29,19:00,A1,No,Confirmed,4.0,0.5,WhatsApp,Aug,8
1201,Pre-Implementation,2023-08-30,16:00,A1,No,Confirmed,2.0,0.2,WhatsApp,Aug,8
1202,Pre-Implementation,2023-08-30,19:00,A2,No,Confirmed,2.0,0.2,WhatsApp,Aug,8
1203,Pre-Implementation,2023-08-30,16:00,A1,Yes,Confirmed,1.0,0.2,WhatsApp,Aug,8
1204,Pre-Implementation,2023-08-31,16:00,A1,No,Confirmed,2.0,0.8,WhatsApp,Aug,8
1205,Post-Implementation,2024-04-01,19:00,B2,No,Confirmed,4.0,0.8,WhatsApp,Apr,4
1206,Post-Implementation,2024-04-01,19:00,B2,No,Confirmed,3.0,0.5,Messenger,Apr,4
1207,Post-Implementation,2024-04-02,13:00,A1,No,Confirmed,4.0,0.8,Messenger,Apr,4
1208,Post-Implementation,2024-04-03,13:00,A1,No,Cancelled,5.0,0.8,Instagram,Apr,4
1209,Post-Implementation,2024-04-03,13:00,A1,No,Confirmed,3.0,1.0,WhatsApp,Apr,4
1210,Post-Implementation,2024-04-03,13:00,A1,No,Confirmed,4.0,0.5,WhatsApp,Apr,4
1211,Post-Implementation,2024-04-04,19:00,A1,No,Confirmed,4.0,0.7,Messenger,Apr,4
1212,Post-Implementation,2024-04-06,13:00,A1,No,Confirmed,4.0,1.0,Messenger,Apr,4
1213,Post-Implementation,2024-04-06,16:00,A2,Yes,Confirmed,4.0,0.7,WhatsApp,Apr,4
1214,Post-Implementation,2024-04-06,19:00,A1,No,Confirmed,4.0,0.8,WhatsApp,Apr,4
1215,Post-Implementation,2024-04-06,19:00,A2,No,Confirmed,4.0,0.5,WhatsApp,Apr,4
1216,Post-Implementation,2024-04-07,19:00,A1,Yes,Confirmed,5.0,0.5,WhatsApp,Apr,4
1217,Post-Implementation,2024-04-08,19:00,A1,Yes,Confirmed,4.0,0.5,Messenger,Apr,4
1218,Post-Implementation,2024-04-08,19:00,A1,No,Confirmed,5.0,0.5,WhatsApp,Apr,4
1219,Post-Implementation,2024-04-08,19:00,A1,No,Cancelled,4.0,0.8,WhatsApp,Apr,4
1220,Post-Implementation,2024-04-09,19:00,A1,No,Confirmed,4.0,1.0,WhatsApp,Apr,4
1221,Post-Implementation,2024-04-15,13:00,A1,No,Confirmed,4.0,0.5,WhatsApp,Apr,4
1222,Post-Implementation,2024-04-15,19:00,B2,No,Confirmed,5.0,0.7,WhatsApp,Apr,4
1223,Post-Implementation,2024-04-15,16:00,A2,No,Confirmed,4.0,0.5,Instagram,Apr,4
1224,Post-Implementation,2024-04-15,16:00,A2,No,Confirmed,4.0,0.7,WhatsApp,Apr,4
1225,Post-Implementation,2024-04-15,13:00,A1,No,Confirmed,4.0,0.8,Messenger,Apr,4
1226,Post-Implementation,2024-04-15,13:00,A1,No,Cancelled,4.0,1.0,WhatsApp,Apr,4
1227,Post-Implementation,2024-04-15,13:00,A1,No,Confirmed,3.0,1.0,WhatsApp,Apr,4
1228,Post-Implementation,2024-04-17,13:00,A1,No,Confirmed,5.0,1.0,Messenger,Apr,4
1229,Post-Implementation,2024-04-18,16:00,A2,No,Confirmed,4.0,0.9,WhatsApp,Apr,4
1230,Post-Implementation,2024-04-18,16:00,A2,No,Confirmed,4.0,0.9,Instagram,Apr,4
1231,Post-Implementation,2024-04-18,19:00,B1,Yes,Confirmed,5.0,0.8,Messenger,Apr,4
1232,Post-Implementation,2024-04-19,16:00,A2,No,Confirmed,3.0,1.0,Messenger,Apr,4
1233,Post-Implementation,2024-04-20,16:00,A1,No,Confirmed,5.0,0.8,WhatsApp,Apr,4
1234,Post-Implementation,2024-04-21,13:00,A1,No,Confirmed,3.0,0.9,Messenger,Apr,4
1235,Post-Implementation,2024-04-21,19:00,A2,No,Confirmed,3.0,0.8,WhatsApp,Apr,4
1236,Post-Implementation,2024-04-21,16:00,A1,No,Confirmed,4.0,0.5,Instagram,Apr,4
1237,Post-Implementation,2024-04-21,16:00,A1,No,Confirmed,3.0,0.5,WhatsApp,Apr,4
1238,Post-Implementation,2024-04-21,19:00,A1,No,Confirmed,3.0,1.0,WhatsApp,Apr,4
1239,Post-Implementation,2024-04-21,19:00,A1,Yes,Confirmed,4.0,0.8,Messenger,Apr,4
1240,Post-Implementation,2024-04-22,16:00,A1,Yes,Confirmed,3.0,0.8,Instagram,Apr,4
1241,Post-Implementation,2024-04-22,19:00,B1,Yes,Confirmed,4.0,0.9,WhatsApp,Apr,4
1242,Post-Implementation,2024-04-22,16:00,A1,No,Confirmed,3.0,0.7,Instagram,Apr,4
1243,Post-Implementation,2024-04-22,16:00,A1,No,Confirmed,4.0,0.7,Messenger,Apr,4
1244,Post-Implementation,2024-04-22,19:00,A1,Yes,Cancelled,4.0,0.8,WhatsApp,Apr,4
1245,Post-Implementation,2024-04-22,19:00,A1,Yes,Confirmed,5.0,0.8,Messenger,Apr,4
1246,Post-Implementation,2024-04-23,13:00,A1,No,Confirmed,5.0,0.9,WhatsApp,Apr,4
1247,Post-Implementation,2024-04-24,19:00,B1,Yes,Cancelled,5.0,0.6,WhatsApp,Apr,4
1248,Post-Implementation,2025-04-24,19:00,A1,Yes,Cancelled,5.0,0.7,WhatsApp,Apr,4
1249,Post-Implementation,2024-04-24,16:00,A1,No,Confirmed,4.0,0.6,WhatsApp,Apr,4
1250,Post-Implementation,2024-04-24,16:00,A2,No,Confirmed,4.0,0.9,WhatsApp,Apr,4
1251,Post-Implementation,2024-04-24,16:00,A2,No,Confirmed,4.0,0.9,Messenger,Apr,4
1252,Post-Implementation,2024-04-24,19:00,A1,No,Confirmed,4.0,0.8,Messenger,Apr,4
1253,Post-Implementation,2024-04-27,19:00,B1,No,Cancelled,5.0,0.7,WhatsApp,Apr,4
1254,Post-Implementation,2024-04-28,19:00,B1,No,Confirmed,4.0,0.8,Messenger,Apr,4
1255,Post-Implementation,2024-04-28,19:00,B1,No,Confirmed,4.0,0.5,Messenger,Apr,4
1256,Post-Implementation,2024-04-28,19:00,A1,Yes,Confirmed,5.0,0.7,Instagram,Apr,4
1257,Post-Implementation,2024-04-29,19:00,A1,Yes,Confirmed,4.0,0.7,WhatsApp,Apr,4
1258,Post-Implementation,2024-04-29,16:00,A1,No,Confirmed,3.0,0.8,Messenger,Apr,4
1259,Post-Implementation,2024-04-30,10:00,A2,Yes,Confirmed,3.0,1.0,Messenger,Apr,4
1260,Post-Implementation,2024-04-30,19:00,A1,No,Confirmed,4.0,0.7,Instagram,Apr,4
1261,Post-Implementation,2024-04-30,19:00,B1,No,Confirmed,3.0,0.8,WhatsApp,Apr,4
1262,Post-Implementation,2024-04-30,16:00,A1,No,Confirmed,3.0,0.8,Messenger,Apr,4
1263,Post-Implementation,2024-05-01,13:00,A1,Yes,Confirmed,5.0,0.8,WhatsApp,May,5
1264,Post-Implementation,2024-05-01,19:00,A1,Yes,Cancelled,4.0,0.8,WhatsApp,May,5
1265,Post-Implementation,2024-05-07,19:00,A1,No,Confirmed,4.0,0.6,Messenger,May,5
1266,Post-Implementation,2024-05-07,19:00,B1,Yes,Confirmed,3.0,0.8,Instagram,May,5
1267,Post-Implementation,2024-05-08,19:00,A2,No,Confirmed,4.0,1.0,Messenger,May,5
1268,Post-Implementation,2024-05-08,19:00,A2,No,Confirmed,4.0,0.9,Instagram,May,5
1269,Post-Implementation,2024-05-08,19:00,A1,Yes,Confirmed,4.0,0.7,Messenger,May,5
1270,Post-Implementation,2024-05-08,16:00,A1,No,Cancelled,5.0,0.7,Messenger,May,5
1271,Post-Implementation,2024-05-09,16:00,A1,No,Confirmed,3.0,1.0,Instagram,May,5
1272,Post-Implementation,2024-05-09,19:00,A1,No,Cancelled,4.0,0.9,WhatsApp,May,5
1273,Post-Implementation,2024-05-09,19:00,A1,No,Confirmed,3.0,0.5,WhatsApp,May,5
1274,Post-Implementation,2024-05-11,19:00,A1,Yes,Cancelled,3.0,0.9,Messenger,May,5
1275,Post-Implementation,2024-05-12,10:00,A1,No,Confirmed,4.0,0.7,Messenger,May,5
1276,Post-Implementation,2024-05-12,13:00,A1,Yes,Confirmed,4.0,0.8,Instagram,May,5
1277,Post-Implementation,2024-05-12,13:00,A1,No,Confirmed,5.0,0.6,WhatsApp,May,5
1278,Post-Implementation,2024-05-12,19:00,A2,No,Confirmed,4.0,0.7,Instagram,May,5
1279,Post-Implementation,2024-05-13,19:00,A2,Yes,Confirmed,4.0,0.9,WhatsApp,May,5
1280,Post-Implementation,2024-05-13,19:00,A2,No,Cancelled,3.0,0.8,Messenger,May,5
1281,Post-Implementation,2024-05-13,19:00,B1,No,Confirmed,3.0,0.5,Messenger,May,5
1282,Post-Implementation,2024-05-14,13:00,A1,No,Confirmed,3.0,0.8,WhatsApp,May,5
1283,Post-Implementation,2024-05-15,19:00,A1,No,Confirmed,3.0,0.7,WhatsApp,May,5
1284,Post-Implementation,2023-07-03,13:00,A1,No,Confirmed,5.0,1.0,Messenger,Jul,7
1285,Post-Implementation,2024-05-16,13:00,A1,No,Confirmed,4.0,1.0,WhatsApp,May,5
1286,Post-Implementation,2024-05-16,19:00,A1,Yes,Confirmed,3.0,0.7,WhatsApp,May,5
1287,Post-Implementation,2024-05-18,19:00,A2,No,Confirmed,4.0,0.5,WhatsApp,May,5
1288,Post-Implementation,2024-05-18,13:00,A1,No,Confirmed,4.0,0.5,WhatsApp,May,5
1289,Post-Implementation,2024-05-19,13:00,A1,No,Confirmed,4.0,0.8,Messenger,May,5
1290,Post-Implementation,2024-05-19,10:00,A1,No,Cancelled,4.0,0.7,Messenger,May,5
1291,Post-Implementation,2024-05-19,19:00,A1,No,Confirmed,5.0,0.7,WhatsApp,May,5
1292,Post-Implementation,2024-05-20,13:00,A1,No,Confirmed,4.0,0.5,Messenger,May,5
1293,Post-Implementation,2024-05-20,19:00,A2,No,Confirmed,5.0,0.5,WhatsApp,May,5
1294,Post-Implementation,2024-05-22,19:00,A2,No,Confirmed,3.0,0.7,Messenger,May,5
1295,Post-Implementation,2024-05-22,10:00,A1,Yes,Confirmed,4.0,0.7,Instagram,May,5
1296,Post-Implementation,2024-05-22,16:00,A1,No,Confirmed,4.0,0.8,Instagram,May,5
1297,Post-Implementation,2024-05-25,19:00,A2,No,Confirmed,5.0,0.8,WhatsApp,May,5
1298,Post-Implementation,2024-05-25,16:00,A1,No,Confirmed,3.0,1.0,Messenger,May,5
1299,Post-Implementation,2024-05-26,19:00,A1,No,Confirmed,5.0,1.0,WhatsApp,May,5
1300,Post-Implementation,2024-05-26,13:00,A1,No,Confirmed,4.0,0.7,WhatsApp,May,5
1301,Post-Implementation,2024-05-26,13:00,A1,No,Confirmed,3.0,0.9,WhatsApp,May,5
1302,Post-Implementation,2024-05-27,19:00,A1,No,Confirmed,4.0,0.9,Messenger,May,5
1303,Post-Implementation,2024-05-27,13:00,A1,No,Confirmed,5.0,0.8,Messenger,May,5
1304,Post-Implementation,2024-05-27,13:00,A1,No,Confirmed,3.0,0.9,WhatsApp,May,5
1305,Post-Implementation,2024-05-27,19:00,A2,No,Cancelled,4.0,1.0,Messenger,May,5
1306,Post-Implementation,2024-05-27,16:00,A2,Yes,Confirmed,5.0,0.6,WhatsApp,May,5
1307,Post-Implementation,2024-05-27,19:00,A2,No,Confirmed,5.0,0.5,WhatsApp,May,5
1308,Post-Implementation,2024-05-27,13:00,A1,Yes,Confirmed,4.0,0.9,Messenger,May,5
1309,Post-Implementation,2024-05-28,10:00,A1,Yes,Confirmed,4.0,1.0,Messenger,May,5
1310,Post-Implementation,2024-05-28,10:00,A1,No,Cancelled,4.0,0.6,WhatsApp,May,5
1311,Post-Implementation,2024-05-28,10:00,A1,No,Cancelled,3.0,0.6,WhatsApp,May,5
1312,Post-Implementation,2024-05-28,16:00,A1,No,Cancelled,3.0,0.6,WhatsApp,May,5
1313,Post-Implementation,2024-05-29,13:00,A1,Yes,Confirmed,3.0,0.5,WhatsApp,May,5
1314,Post-Implementation,2024-05-29,13:00,A1,No,Confirmed,3.0,0.9,WhatsApp,May,5
1315,Post-Implementation,2024-05-29,10:00,B2,Yes,Confirmed,4.0,1.0,Instagram,May,5
1316,Post-Implementation,2024-05-29,10:00,A1,No,Confirmed,4.0,0.8,WhatsApp,May,5
1317,Post-Implementation,2024-05-29,13:00,A1,No,Confirmed,3.0,0.8,WhatsApp,May,5
1318,Post-Implementation,2024-05-29,10:00,A2,No,Confirmed,3.0,0.6,Instagram,May,5
1319,Post-Implementation,2024-05-30,19:00,A2,Yes,Confirmed,3.0,0.8,Messenger,May,5
1320,Post-Implementation,2024-05-30,10:00,A1,Yes,Confirmed,4.0,0.5,WhatsApp,May,5
1321,Post-Implementation,2024-05-30,10:00,A1,No,Confirmed,3.0,0.8,Messenger,May,5
1322,Post-Implementation,2024-06-01,16:00,A1,No,Confirmed,3.0,0.8,Instagram,Jun,6
1323,Post-Implementation,2024-06-01,19:00,B1,No,Cancelled,4.0,0.8,WhatsApp,Jun,6
1324,Post-Implementation,2024-06-01,16:00,A1,Yes,Confirmed,4.0,0.8,WhatsApp,Jun,6
1325,Post-Implementation,2024-06-02,16:00,A1,No,Confirmed,5.0,0.7,WhatsApp,Jun,6
1326,Post-Implementation,2024-06-02,19:00,B1,No,Cancelled,4.0,0.7,Instagram,Jun,6
1327,Post-Implementation,2024-06-02,16:00,A2,No,Cancelled,5.0,0.9,Messenger,Jun,6
1328,Post-Implementation,2024-06-02,19:00,A2,No,Confirmed,4.0,1.0,Messenger,Jun,6
1329,Post-Implementation,2024-06-02,19:00,A1,No,Cancelled,3.0,0.6,WhatsApp,Jun,6
1330,Post-Implementation,2024-06-02,10:00,A1,No,Confirmed,4.0,0.6,Instagram,Jun,6
1331,Post-Implementation,2024-06-03,19:00,A2,No,Confirmed,5.0,0.5,Instagram,Jun,6
1332,Post-Implementation,2024-06-03,19:00,B2,No,Cancelled,4.0,0.6,Instagram,Jun,6
1333,Post-Implementation,2024-06-03,16:00,A1,No,Confirmed,4.0,0.8,WhatsApp,Jun,6
1334,Post-Implementation,2024-06-04,19:00,B1,No,Confirmed,4.0,0.7,WhatsApp,Jun,6
1335,Post-Implementation,2024-06-04,19:00,A1,No,Confirmed,3.0,1.0,WhatsApp,Jun,6
1336,Post-Implementation,2024-06-04,13:00,A1,No,Confirmed,5.0,0.6,Messenger,Jun,6
1337,Post-Implementation,2024-06-05,19:00,B2,Yes,Cancelled,4.0,0.7,WhatsApp,Jun,6
1338,Post-Implementation,2024-06-05,13:00,A1,No,Confirmed,4.0,0.7,Instagram,Jun,6
1339,Post-Implementation,2024-06-05,10:00,A1,Yes,Confirmed,4.0,0.9,WhatsApp,Jun,6
1340,Post-Implementation,2024-06-05,19:00,B1,No,Confirmed,3.0,0.8,Messenger,Jun,6
1341,Post-Implementation,2024-06-05,16:00,A1,Yes,Confirmed,4.0,1.0,Messenger,Jun,6
1342,Post-Implementation,2024-06-05,19:00,B1,No,Confirmed,3.0,0.8,Messenger,Jun,6
1343,Post-Implementation,2024-06-05,19:00,B1,No,Confirmed,5.0,0.5,Messenger,Jun,6
1344,Post-Implementation,2024-06-05,10:00,A1,Yes,Confirmed,4.0,0.9,WhatsApp,Jun,6
1345,Post-Implementation,2024-06-06,19:00,A1,No,Confirmed,5.0,0.9,WhatsApp,Jun,6
1346,Post-Implementation,2024-06-08,10:00,A1,No,Confirmed,4.0,0.9,Messenger,Jun,6
1347,Post-Implementation,2024-06-08,10:00,A1,Yes,Cancelled,3.0,0.7,Messenger,Jun,6
1348,Post-Implementation,2024-06-09,10:00,A1,No,Confirmed,5.0,0.5,WhatsApp,Jun,6
1349,Post-Implementation,2024-06-09,19:00,A2,No,Confirmed,4.0,0.7,WhatsApp,Jun,6
1350,Post-Implementation,2024-06-09,10:00,A1,No,Confirmed,3.0,0.8,Instagram,Jun,6
1351,Post-Implementation,2024-06-09,13:00,A1,Yes,Confirmed,4.0,0.6,Messenger,Jun,6
1352,Post-Implementation,2024-06-09,13:00,A1,Yes,Confirmed,5.0,0.6,Messenger,Jun,6
1353,Post-Implementation,2024-06-09,13:00,A1,No,Confirmed,3.0,0.6,Instagram,Jun,6
1354,Post-Implementation,2024-06-09,19:00,B1,No,Confirmed,4.0,0.6,Messenger,Jun,6
1355,Post-Implementation,2024-06-09,10:00,A1,No,Cancelled,5.0,0.5,Messenger,Jun,6
1356,Post-Implementation,2024-06-09,19:00,B1,Yes,Cancelled,4.0,0.9,Messenger,Jun,6
1357,Post-Implementation,2024-06-10,19:00,B1,Yes,Cancelled,4.0,0.8,WhatsApp,Jun,6
1358,Post-Implementation,2024-06-10,19:00,A1,No,Confirmed,3.0,0.6,Messenger,Jun,6
1359,Post-Implementation,2024-06-11,19:00,A2,No,Confirmed,4.0,0.8,Messenger,Jun,6
1360,Post-Implementation,2024-06-12,19:00,A1,No,Confirmed,3.0,0.6,Instagram,Jun,6
1361,Post-Implementation,2024-06-12,19:00,B1,Yes,Confirmed,5.0,1.0,Messenger,Jun,6
1362,Post-Implementation,2024-06-13,19:00,A1,No,Confirmed,4.0,0.7,Instagram,Jun,6
1363,Post-Implementation,2024-06-20,19:00,A1,No,Confirmed,3.0,1.0,WhatsApp,Jun,6
1364,Post-Implementation,2024-06-22,10:00,A1,No,Confirmed,5.0,0.8,Instagram,Jun,6
1365,Post-Implementation,2024-06-22,10:00,A2,No,Confirmed,3.0,1.0,Instagram,Jun,6
1366,Post-Implementation,2024-06-22,10:00,A2,No,Confirmed,5.0,0.8,Messenger,Jun,6
1367,Post-Implementation,2024-06-22,19:00,A1,Yes,Cancelled,5.0,0.7,WhatsApp,Jun,6
1368,Post-Implementation,2024-06-22,10:00,A1,Yes,Confirmed,4.0,0.8,WhatsApp,Jun,6
1369,Post-Implementation,2024-06-22,10:00,A1,Yes,Confirmed,4.0,0.6,WhatsApp,Jun,6
1370,Post-Implementation,2024-06-23,13:00,A1,Yes,Confirmed,3.0,0.9,Messenger,Jun,6
1371,Post-Implementation,2024-06-23,19:00,A1,Yes,Confirmed,4.0,0.7,Instagram,Jun,6
1372,Post-Implementation,2024-06-24,10:00,B1,No,Cancelled,5.0,0.7,WhatsApp,Jun,6
1373,Post-Implementation,2024-06-24,10:00,A1,Yes,Confirmed,4.0,0.8,Instagram,Jun,6
1374,Post-Implementation,2024-06-24,19:00,B1,Yes,Confirmed,4.0,0.5,Instagram,Jun,6
1375,Post-Implementation,2024-06-24,19:00,B1,Yes,Confirmed,4.0,0.9,WhatsApp,Jun,6
1376,Post-Implementation,2024-06-24,10:00,B1,Yes,Confirmed,3.0,0.7,Messenger,Jun,6
1377,Post-Implementation,2024-06-24,19:00,A1,No,Confirmed,4.0,0.8,Messenger,Jun,6
1378,Post-Implementation,2024-06-24,19:00,A1,No,Confirmed,5.0,0.9,Messenger,Jun,6
1379,Post-Implementation,2024-06-24,16:00,A1,No,Confirmed,4.0,0.8,WhatsApp,Jun,6
1380,Post-Implementation,2024-06-24,10:00,A1,Yes,Confirmed,5.0,0.8,WhatsApp,Jun,6
1381,Post-Implementation,2024-06-24,16:00,A1,Yes,Confirmed,4.0,0.9,Messenger,Jun,6
1382,Post-Implementation,2024-06-25,19:00,A1,No,Confirmed,3.0,1.0,WhatsApp,Jun,6
1383,Post-Implementation,2024-06-25,19:00,B1,Yes,Confirmed,4.0,0.8,Instagram,Jun,6
1384,Post-Implementation,2024-06-25,19:00,B1,No,Confirmed,3.0,0.7,Instagram,Jun,6
1385,Post-Implementation,2024-06-25,16:00,A1,No,Confirmed,4.0,0.7,Instagram,Jun,6
1386,Post-Implementation,2024-06-25,16:00,A1,Yes,Confirmed,4.0,0.9,Messenger,Jun,6
1387,Post-Implementation,2024-06-25,19:00,A1,No,Confirmed,5.0,0.8,Instagram,Jun,6
1388,Post-Implementation,2024-06-26,10:00,A1,No,Confirmed,3.0,0.7,Messenger,Jun,6
1389,Post-Implementation,2024-06-26,10:00,A1,No,Confirmed,4.0,0.7,Instagram,Jun,6
1390,Post-Implementation,2024-06-26,10:00,A1,No,Confirmed,5.0,0.8,Messenger,Jun,6
1391,Post-Implementation,2024-06-26,10:00,A1,No,Confirmed,5.0,1.0,Instagram,Jun,6
1392,Post-Implementation,2024-06-26,19:00,A1,No,Cancelled,4.0,0.6,Messenger,Jun,6
1393,Post-Implementation,2024-06-26,16:00,A1,No,Confirmed,3.0,0.7,WhatsApp,Jun,6
1394,Post-Implementation,2024-06-26,16:00,A1,Yes,Confirmed,3.0,0.9,WhatsApp,Jun,6
1395,Post-Implementation,2024-06-26,19:00,A1,No,Confirmed,3.0,0.8,WhatsApp,Jun,6
1396,Post-Implementation,2024-06-26,19:00,A1,No,Confirmed,3.0,0.8,WhatsApp,Jun,6
1397,Post-Implementation,2024-06-26,19:00,B1,Yes,Confirmed,4.0,0.6,Instagram,Jun,6
1398,Post-Implementation,2024-06-26,19:00,B1,No,Confirmed,4.0,0.7,WhatsApp,Jun,6
1399,Post-Implementation,2024-06-26,19:00,A2,No,Confirmed,3.0,0.9,WhatsApp,Jun,6
1400,Post-Implementation,2024-06-26,16:00,A1,No,Confirmed,4.0,0.6,Messenger,Jun,6
1401,Post-Implementation,2024-06-27,10:00,B1,No,Confirmed,4.0,0.5,Messenger,Jun,6
1402,Post-Implementation,2024-06-27,16:00,A1,No,Confirmed,4.0,0.7,WhatsApp,Jun,6
1403,Post-Implementation,2024-06-27,10:00,A2,No,Confirmed,4.0,0.8,WhatsApp,Jun,6
1404,Post-Implementation,2024-06-27,10:00,A1,Yes,Confirmed,4.0,0.7,Messenger,Jun,6
1405,Post-Implementation,2024-06-27,10:00,A1,Yes,Confirmed,4.0,1.0,Messenger,Jun,6
1406,Post-Implementation,2024-06-27,10:00,A1,No,Confirmed,5.0,0.9,WhatsApp,Jun,6
1407,Post-Implementation,2024-06-27,19:00,A1,No,Confirmed,4.0,0.6,WhatsApp,Jun,6
1408,Post-Implementation,2024-06-27,16:00,A1,Yes,Confirmed,3.0,0.8,Instagram,Jun,6
1409,Post-Implementation,2024-06-27,16:00,A1,No,Confirmed,5.0,0.7,Messenger,Jun,6
1410,Post-Implementation,2025-06-28,16:00,A1,No,Confirmed,4.0,1.0,Instagram,Jun,6
1411,Post-Implementation,2024-06-29,10:00,A1,Yes,Confirmed,4.0,0.8,Messenger,Jun,6
1412,Post-Implementation,2024-06-29,10:00,A1,No,Cancelled,5.0,0.7,Instagram,Jun,6
1413,Post-Implementation,2024-06-29,16:00,A1,No,Confirmed,4.0,0.5,WhatsApp,Jun,6
1414,Post-Implementation,2024-06-29,13:00,A1,No,Confirmed,4.0,0.7,Messenger,Jun,6
1415,Post-Implementation,2024-06-29,16:00,A2,No,Confirmed,5.0,0.8,WhatsApp,Jun,6
1416,Post-Implementation,2024-06-29,19:00,B1,No,Confirmed,3.0,0.8,WhatsApp,Jun,6
1417,Post-Implementation,2024-06-30,19:00,A1,No,Confirmed,4.0,0.9,Instagram,Jun,6
1418,Post-Implementation,2024-06-30,16:00,A1,No,Confirmed,4.0,1.0,Messenger,Jun,6
1419,Post-Implementation,2024-06-30,16:00,B1,Yes,Confirmed,4.0,1.0,WhatsApp,Jun,6
1420,Post-Implementation,2024-06-30,10:00,A1,No,Confirmed,3.0,1.0,Messenger,Jun,6
1421,Post-Implementation,2024-07-01,10:00,A1,No,Confirmed,5.0,1.0,WhatsApp,Jul,7
1422,Post-Implementation,2024-07-01,10:00,B1,Yes,Confirmed,5.0,0.7,Messenger,Jul,7
1423,Post-Implementation,2024-07-01,16:00,A1,No,Cancelled,4.0,1.0,WhatsApp,Jul,7
1424,Post-Implementation,2024-07-01,19:00,A1,No,Confirmed,3.0,0.8,Messenger,Jul,7
1425,Post-Implementation,2024-07-02,13:00,A1,Yes,Confirmed,4.0,0.8,WhatsApp,Jul,7
1426,Post-Implementation,2024-07-02,16:00,A1,Yes,Confirmed,3.0,0.6,Messenger,Jul,7
1427,Post-Implementation,2024-07-02,10:00,B1,No,Confirmed,4.0,0.7,WhatsApp,Jul,7
1428,Post-Implementation,2024-07-03,19:00,A2,No,Confirmed,4.0,0.6,Instagram,Jul,7
1429,Post-Implementation,2024-07-03,10:00,A1,Yes,Confirmed,5.0,0.8,WhatsApp,Jul,7
1430,Post-Implementation,2024-07-03,13:00,A1,No,Cancelled,4.0,0.9,WhatsApp,Jul,7
1431,Post-Implementation,2024-07-04,10:00,B1,No,Confirmed,4.0,1.0,Messenger,Jul,7
1432,Post-Implementation,2024-07-04,10:00,B1,No,Confirmed,3.0,0.6,WhatsApp,Jul,7
1433,Post-Implementation,2024-07-04,10:00,B1,No,Confirmed,3.0,1.0,WhatsApp,Jul,7
1434,Post-Implementation,2024-07-04,13:00,A1,No,Confirmed,5.0,1.0,WhatsApp,Jul,7
1435,Post-Implementation,2024-07-04,19:00,A2,No,Confirmed,5.0,0.7,Instagram,Jul,7
1436,Post-Implementation,2024-07-04,16:00,A1,Yes,Confirmed,4.0,0.6,Messenger,Jul,7
1437,Post-Implementation,2024-07-04,10:00,B1,No,Confirmed,4.0,0.6,WhatsApp,Jul,7
1438,Post-Implementation,2024-07-04,19:00,A1,No,Confirmed,4.0,0.5,WhatsApp,Jul,7
1439,Post-Implementation,2024-07-06,10:00,A2,No,Confirmed,5.0,0.8,WhatsApp,Jul,7
1440,Post-Implementation,2024-07-07,10:00,A1,No,Confirmed,4.0,0.8,WhatsApp,Jul,7
1441,Post-Implementation,2024-07-07,19:00,A2,No,Confirmed,4.0,0.7,WhatsApp,Jul,7
1442,Post-Implementation,2024-07-07,10:00,A1,No,Confirmed,3.0,0.6,Messenger,Jul,7
1443,Post-Implementation,2024-07-07,10:00,A1,No,Confirmed,5.0,0.5,Messenger,Jul,7
1444,Post-Implementation,2024-07-07,10:00,A1,No,Confirmed,3.0,0.5,Messenger,Jul,7
1445,Post-Implementation,2024-07-07,10:00,A2,Yes,Confirmed,5.0,1.0,WhatsApp,Jul,7
1446,Post-Implementation,2024-07-08,19:00,A2,No,Confirmed,3.0,0.7,Messenger,Jul,7
1447,Post-Implementation,2024-07-08,10:00,A2,No,Confirmed,3.0,0.6,Messenger,Jul,7
1448,Post-Implementation,2024-07-08,16:00,A1,No,Cancelled,5.0,0.5,Messenger,Jul,7
1449,Post-Implementation,2024-07-08,10:00,A2,Yes,Confirmed,4.0,1.0,WhatsApp,Jul,7
1450,Post-Implementation,2024-07-08,16:00,A2,No,Confirmed,3.0,0.6,WhatsApp,Jul,7
1451,Post-Implementation,2024-07-08,10:00,A1,No,Cancelled,4.0,0.9,WhatsApp,Jul,7
1452,Post-Implementation,2024-07-08,10:00,A1,No,Cancelled,5.0,0.8,WhatsApp,Jul,7
1453,Post-Implementation,2024-07-08,10:00,A1,No,Confirmed,4.0,0.6,WhatsApp,Jul,7
1454,Post-Implementation,2024-07-09,19:00,A1,No,Confirmed,4.0,0.8,Messenger,Jul,7
1455,Post-Implementation,2024-07-09,16:00,A2,No,Confirmed,5.0,0.6,Messenger,Jul,7
1456,Post-Implementation,2024-07-09,10:00,A2,No,Confirmed,3.0,0.8,WhatsApp,Jul,7
1457,Post-Implementation,2024-07-10,16:00,A1,Yes,Cancelled,3.0,0.7,Messenger,Jul,7
1458,Post-Implementation,2024-07-10,10:00,A1,Yes,Confirmed,5.0,0.8,WhatsApp,Jul,7
1459,Post-Implementation,2024-07-10,19:00,B1,No,Confirmed,4.0,0.7,WhatsApp,Jul,7
1460,Post-Implementation,2024-07-10,10:00,A1,No,Confirmed,4.0,1.0,Messenger,Jul,7
1461,Post-Implementation,2024-07-11,19:00,A1,Yes,Confirmed,3.0,0.5,Messenger,Jul,7
1462,Post-Implementation,2024-07-13,10:00,A1,Yes,Confirmed,4.0,0.8,Messenger,Jul,7
1463,Post-Implementation,2024-07-13,10:00,A1,No,Confirmed,4.0,0.6,Messenger,Jul,7
1464,Post-Implementation,2024-07-13,10:00,A1,No,Confirmed,4.0,0.5,WhatsApp,Jul,7
1465,Post-Implementation,2024-07-13,10:00,A1,No,Confirmed,4.0,0.8,Messenger,Jul,7
1466,Post-Implementation,2024-07-13,10:00,A1,No,Confirmed,3.0,0.7,Instagram,Jul,7
1467,Post-Implementation,2024-07-13,19:00,A1,No,Confirmed,4.0,0.7,WhatsApp,Jul,7
1468,Post-Implementation,2024-07-13,10:00,A1,Yes,Cancelled,4.0,0.6,WhatsApp,Jul,7
1469,Post-Implementation,2024-07-14,16:00,A1,Yes,Confirmed,4.0,0.7,Instagram,Jul,7
1470,Post-Implementation,2024-07-14,10:00,B1,No,Confirmed,5.0,0.8,Instagram,Jul,7
1471,Post-Implementation,2024-07-14,16:00,A1,Yes,Confirmed,4.0,1.0,Messenger,Jul,7
1472,Post-Implementation,2024-07-14,10:00,A1,Yes,Confirmed,5.0,0.8,Messenger,Jul,7
1473,Post-Implementation,2024-07-14,10:00,A2,No,Confirmed,3.0,0.7,WhatsApp,Jul,7
1474,Post-Implementation,2024-07-14,13:00,A1,Yes,Cancelled,4.0,0.8,Instagram,Jul,7
1475,Post-Implementation,2024-07-15,13:00,A1,Yes,Confirmed,4.0,0.8,Instagram,Jul,7
1476,Post-Implementation,2024-07-15,13:00,A1,Yes,Cancelled,5.0,0.7,Messenger,Jul,7
1477,Post-Implementation,2024-07-15,10:00,A1,Yes,Confirmed,5.0,0.8,Messenger,Jul,7
1478,Post-Implementation,2024-07-15,19:00,A1,Yes,Cancelled,4.0,1.0,Messenger,Jul,7
1479,Post-Implementation,2024-07-15,10:00,A2,No,Confirmed,4.0,1.0,WhatsApp,Jul,7
1480,Post-Implementation,2024-07-15,10:00,A1,Yes,Confirmed,4.0,0.7,Instagram,Jul,7
1481,Post-Implementation,2024-07-15,10:00,A1,No,Confirmed,4.0,0.5,Messenger,Jul,7
1482,Post-Implementation,2024-07-15,19:00,A1,Yes,Confirmed,4.0,0.5,Messenger,Jul,7
1483,Post-Implementation,2024-07-16,10:00,A1,Yes,Confirmed,5.0,0.7,WhatsApp,Jul,7
1484,Post-Implementation,2024-07-16,10:00,A2,No,Cancelled,4.0,0.8,WhatsApp,Jul,7
1485,Post-Implementation,2024-07-16,16:00,A2,No,Confirmed,4.0,0.5,Instagram,Jul,7
1486,Post-Implementation,2024-07-16,19:00,B2,No,Confirmed,4.0,0.7,WhatsApp,Jul,7
1487,Post-Implementation,2024-07-16,10:00,A2,No,Confirmed,4.0,0.6,Instagram,Jul,7
1488,Post-Implementation,2024-07-17,19:00,A1,No,Confirmed,4.0,0.6,WhatsApp,Jul,7
1489,Post-Implementation,2024-07-17,16:00,A2,Yes,Confirmed,3.0,0.5,WhatsApp,Jul,7
1490,Post-Implementation,2024-07-17,19:00,A2,Yes,Confirmed,4.0,0.9,Messenger,Jul,7
1491,Post-Implementation,2024-07-17,13:00,A2,Yes,Confirmed,4.0,0.7,WhatsApp,Jul,7
1492,Post-Implementation,2024-07-17,19:00,A2,Yes,Confirmed,3.0,1.0,Instagram,Jul,7
1493,Post-Implementation,2024-07-17,19:00,A2,Yes,Confirmed,4.0,1.0,WhatsApp,Jul,7
1494,Post-Implementation,2024-07-18,10:00,A2,Yes,Cancelled,4.0,0.7,Messenger,Jul,7
1495,Post-Implementation,2024-07-18,10:00,A2,Yes,Confirmed,5.0,1.0,Messenger,Jul,7
1496,Post-Implementation,2024-07-18,10:00,A1,Yes,Confirmed,5.0,1.0,WhatsApp,Jul,7
1497,Post-Implementation,2024-07-18,16:00,A1,Yes,Confirmed,5.0,0.6,Messenger,Jul,7
1498,Post-Implementation,2024-07-20,16:00,A1,Yes,Confirmed,4.0,0.8,Messenger,Jul,7
1499,Post-Implementation,2024-07-20,10:00,A1,Yes,Confirmed,3.0,0.7,WhatsApp,Jul,7
1500,Post-Implementation,2024-07-20,16:00,A1,Yes,Confirmed,5.0,0.7,WhatsApp,Jul,7
1501,Post-Implementation,2024-07-20,19:00,A1,Yes,Confirmed,3.0,0.9,Messenger,Jul,7
1502,Post-Implementation,2024-07-20,16:00,A1,Yes,Confirmed,4.0,1.0,WhatsApp,Jul,7
1503,Post-Implementation,2024-07-20,13:00,A1,Yes,Confirmed,3.0,1.0,WhatsApp,Jul,7
1504,Post-Implementation,2024-07-20,19:00,B2,Yes,Confirmed,5.0,0.7,Instagram,Jul,7
1505,Post-Implementation,2024-07-21,19:00,B2,No,Confirmed,5.0,0.8,Messenger,Jul,7
1506,Post-Implementation,2024-07-21,16:00,A1,Yes,Confirmed,5.0,0.5,Messenger,Jul,7
1507,Post-Implementation,2024-07-21,16:00,B1,No,Confirmed,4.0,0.7,WhatsApp,Jul,7
1508,Post-Implementation,2024-07-21,19:00,B2,No,Confirmed,4.0,0.7,Messenger,Jul,7
1509,Post-Implementation,2024-07-21,10:00,A1,No,Cancelled,5.0,0.7,WhatsApp,Jul,7
1510,Post-Implementation,2024-07-21,19:00,A2,No,Confirmed,5.0,0.8,Messenger,Jul,7
1511,Post-Implementation,2024-07-22,13:00,A1,Yes,Confirmed,3.0,0.7,WhatsApp,Jul,7
1512,Post-Implementation,2024-07-22,13:00,A1,Yes,Confirmed,3.0,0.7,WhatsApp,Jul,7
1513,Post-Implementation,2024-07-22,10:00,A1,Yes,Confirmed,4.0,0.8,Messenger,Jul,7
1514,Post-Implementation,2024-07-23,10:00,A2,No,Cancelled,4.0,0.8,Messenger,Jul,7
1515,Post-Implementation,2024-07-23,10:00,B1,No,Cancelled,4.0,0.7,WhatsApp,Jul,7
1516,Post-Implementation,2024-07-23,19:00,A1,No,Cancelled,5.0,0.8,WhatsApp,Jul,7
1517,Post-Implementation,2024-07-23,10:00,B1,No,Confirmed,5.0,0.7,Messenger,Jul,7
1518,Post-Implementation,2024-07-23,13:00,A1,Yes,Confirmed,3.0,0.7,Messenger,Jul,7
1519,Post-Implementation,2024-07-24,16:00,A1,Yes,Confirmed,5.0,0.5,Instagram,Jul,7
1520,Post-Implementation,2024-07-24,10:00,A1,Yes,Confirmed,5.0,1.0,Instagram,Jul,7
1521,Post-Implementation,2024-07-24,16:00,A1,Yes,Confirmed,4.0,0.9,WhatsApp,Jul,7
1522,Post-Implementation,2024-07-24,19:00,B2,No,Confirmed,4.0,1.0,WhatsApp,Jul,7
1523,Post-Implementation,2024-07-24,19:00,B2,No,Confirmed,4.0,0.5,WhatsApp,Jul,7
1524,Post-Implementation,2024-07-25,13:00,A1,No,Confirmed,5.0,0.8,Messenger,Jul,7
1525,Post-Implementation,2024-07-27,16:00,A2,Yes,Confirmed,4.0,0.8,WhatsApp,Jul,7
1526,Post-Implementation,2024-07-27,16:00,A1,No,Confirmed,3.0,1.0,Messenger,Jul,7
1527,Post-Implementation,2024-07-27,10:00,A1,Yes,Cancelled,3.0,0.5,WhatsApp,Jul,7
1528,Post-Implementation,2024-07-27,16:00,A1,Yes,Confirmed,5.0,1.0,WhatsApp,Jul,7
1529,Post-Implementation,2024-07-27,19:00,A2,No,Confirmed,4.0,0.8,WhatsApp,Jul,7
1530,Post-Implementation,2024-07-28,10:00,A1,Yes,Cancelled,3.0,0.8,Instagram,Jul,7
1531,Post-Implementation,2024-07-28,10:00,A1,Yes,Cancelled,4.0,0.8,WhatsApp,Jul,7
1532,Post-Implementation,2024-07-28,13:00,A1,No,Confirmed,5.0,0.9,WhatsApp,Jul,7
1533,Post-Implementation,2024-07-28,19:00,A1,No,Cancelled,4.0,1.0,WhatsApp,Jul,7
1534,Post-Implementation,2024-07-29,19:00,A2,No,Confirmed,3.0,0.5,Messenger,Jul,7
1535,Post-Implementation,2024-07-29,19:00,B1,No,Confirmed,3.0,0.9,Messenger,Jul,7
1536,Post-Implementation,2024-07-29,19:00,A2,Yes,Cancelled,3.0,0.8,Instagram,Jul,7
1537,Post-Implementation,2024-07-29,13:00,A1,No,Confirmed,3.0,0.7,Messenger,Jul,7
1538,Post-Implementation,2024-07-29,16:00,A1,Yes,Confirmed,4.0,0.6,Messenger,Jul,7
1539,Post-Implementation,2024-07-29,16:00,A1,Yes,Confirmed,3.0,0.5,WhatsApp,Jul,7
1540,Post-Implementation,2024-07-30,16:00,A2,No,Confirmed,3.0,0.6,WhatsApp,Jul,7
1541,Post-Implementation,2024-07-30,13:00,A2,No,Cancelled,4.0,0.8,WhatsApp,Jul,7
1542,Post-Implementation,2024-07-30,13:00,A2,No,Confirmed,5.0,1.0,Instagram,Jul,7
1543,Post-Implementation,2024-07-30,16:00,A2,No,Confirmed,5.0,0.8,WhatsApp,Jul,7
1544,Post-Implementation,2024-07-31,10:00,A1,No,Confirmed,3.0,0.6,Messenger,Jul,7
1545,Post-Implementation,2024-07-31,10:00,A1,Yes,Confirmed,5.0,0.7,WhatsApp,Jul,7
1546,Post-Implementation,2024-07-31,10:00,A1,No,Confirmed,5.0,0.8,WhatsApp,Jul,7
1547,Post-Implementation,2024-07-31,16:00,A2,No,Confirmed,5.0,0.5,WhatsApp,Jul,7
1548,Post-Implementation,2024-07-31,19:00,A1,Yes,Confirmed,4.0,0.8,Messenger,Jul,7
1549,Post-Implementation,2024-08-01,13:00,A1,No,Confirmed,4.0,0.9,WhatsApp,Aug,8
1550,Post-Implementation,2024-08-01,19:00,A1,No,Confirmed,5.0,0.6,WhatsApp,Aug,8
1551,Post-Implementation,2024-08-01,19:00,A2,No,Cancelled,4.0,0.6,Messenger,Aug,8
1552,Post-Implementation,2024-08-01,19:00,A1,No,Confirmed,3.0,0.9,Messenger,Aug,8
1553,Post-Implementation,2024-08-01,19:00,B1,No,Confirmed,3.0,0.7,Messenger,Aug,8
1554,Post-Implementation,2024-08-01,16:00,A2,Yes,Confirmed,4.0,0.7,WhatsApp,Aug,8
1555,Post-Implementation,2024-08-03,10:00,A1,Yes,Confirmed,3.0,0.7,Messenger,Aug,8
1556,Post-Implementation,2024-08-03,19:00,A1,No,Confirmed,3.0,0.7,WhatsApp,Aug,8
1557,Post-Implementation,2024-08-03,19:00,A1,No,Confirmed,3.0,0.6,WhatsApp,Aug,8
1558,Post-Implementation,2024-08-04,16:00,A1,Yes,Confirmed,3.0,0.8,Messenger,Aug,8
1559,Post-Implementation,2024-08-04,13:00,A1,Yes,Cancelled,5.0,0.8,WhatsApp,Aug,8
1560,Post-Implementation,2024-08-04,10:00,A1,Yes,Cancelled,5.0,0.7,Messenger,Aug,8
1561,Post-Implementation,2024-08-05,10:00,A1,Yes,Cancelled,4.0,0.8,WhatsApp,Aug,8
1562,Post-Implementation,2024-08-05,16:00,A1,No,Confirmed,5.0,0.6,Instagram,Aug,8
1563,Post-Implementation,2024-08-05,16:00,A1,No,Confirmed,5.0,0.5,WhatsApp,Aug,8
1564,Post-Implementation,2024-08-05,16:00,A2,No,Confirmed,3.0,0.8,WhatsApp,Aug,8
1565,Post-Implementation,2024-08-05,16:00,A2,No,Confirmed,4.0,0.5,Messenger,Aug,8
1566,Post-Implementation,2024-08-06,19:00,A2,No,Confirmed,4.0,0.9,WhatsApp,Aug,8
1567,Post-Implementation,2024-08-06,19:00,A2,No,Confirmed,3.0,0.8,Messenger,Aug,8
1568,Post-Implementation,2024-08-06,19:00,A1,No,Confirmed,3.0,0.5,WhatsApp,Aug,8
1569,Post-Implementation,2024-08-06,19:00,B1,No,Confirmed,3.0,0.7,WhatsApp,Aug,8
1570,Post-Implementation,2024-08-06,16:00,A1,No,Confirmed,5.0,0.7,Messenger,Aug,8
1571,Post-Implementation,2024-08-07,16:00,A2,Yes,Cancelled,5.0,1.0,Messenger,Aug,8
1572,Post-Implementation,2024-08-07,10:00,A1,Yes,Confirmed,5.0,0.8,Instagram,Aug,8
1573,Post-Implementation,2024-08-07,16:00,A1,No,Confirmed,5.0,1.0,Messenger,Aug,8
1574,Post-Implementation,2024-08-07,13:00,A1,Yes,Confirmed,3.0,0.5,Messenger,Aug,8
1575,Post-Implementation,2024-08-07,13:00,A1,Yes,Confirmed,3.0,0.8,WhatsApp,Aug,8
1576,Post-Implementation,2024-08-07,19:00,A1,No,Cancelled,5.0,0.8,Instagram,Aug,8
1577,Post-Implementation,2024-08-08,19:00,A1,Yes,Confirmed,4.0,1.0,Instagram,Aug,8
1578,Post-Implementation,2024-08-08,16:00,A2,No,Confirmed,3.0,0.7,WhatsApp,Aug,8
1579,Post-Implementation,2024-08-08,19:00,A1,Yes,Confirmed,3.0,1.0,Instagram,Aug,8
1580,Post-Implementation,2024-08-08,19:00,A1,Yes,Confirmed,4.0,1.0,Messenger,Aug,8
1581,Post-Implementation,2024-08-10,10:00,A2,Yes,Confirmed,5.0,0.8,WhatsApp,Aug,8
1582,Post-Implementation,2024-08-10,19:00,A1,No,Confirmed,4.0,0.7,WhatsApp,Aug,8
1583,Post-Implementation,2024-08-10,13:00,A1,Yes,Confirmed,4.0,0.7,Messenger,Aug,8
1584,Post-Implementation,2024-08-10,19:00,A1,No,Confirmed,4.0,0.8,WhatsApp,Aug,8
1585,Post-Implementation,2024-08-10,19:00,A1,No,Confirmed,3.0,0.9,Messenger,Aug,8
1586,Post-Implementation,2024-08-11,16:00,A1,No,Confirmed,3.0,0.9,WhatsApp,Aug,8
1587,Post-Implementation,2024-08-11,16:00,A1,No,Confirmed,5.0,0.5,Messenger,Aug,8
1588,Post-Implementation,2024-08-11,13:00,A1,No,Confirmed,3.0,0.9,Instagram,Aug,8
1589,Post-Implementation,2024-08-11,13:00,A1,Yes,Confirmed,5.0,0.7,Messenger,Aug,8
1590,Post-Implementation,2024-08-11,19:00,A1,No,Confirmed,4.0,1.0,Messenger,Aug,8
1591,Post-Implementation,2024-08-12,16:00,A1,No,Confirmed,3.0,0.5,WhatsApp,Aug,8
1592,Post-Implementation,2024-08-12,16:00,A1,No,Confirmed,4.0,0.6,WhatsApp,Aug,8
1593,Post-Implementation,2024-08-12,16:00,A2,No,Confirmed,4.0,0.7,Instagram,Aug,8
1594,Post-Implementation,2024-08-12,16:00,A2,No,Confirmed,4.0,1.0,Messenger,Aug,8
1595,Post-Implementation,2024-08-12,16:00,B1,Yes,Confirmed,3.0,1.0,WhatsApp,Aug,8
1596,Post-Implementation,2024-08-12,19:00,B1,No,Cancelled,3.0,0.8,Messenger,Aug,8
1597,Post-Implementation,2024-08-12,16:00,A1,Yes,Confirmed,5.0,0.8,WhatsApp,Aug,8
1598,Post-Implementation,2024-08-12,16:00,B1,No,Confirmed,3.0,0.7,WhatsApp,Aug,8
1599,Post-Implementation,2024-08-12,19:00,A1,No,Confirmed,3.0,0.8,WhatsApp,Aug,8
1600,Post-Implementation,2024-08-14,16:00,A1,No,Confirmed,4.0,0.8,Messenger,Aug,8
1601,Post-Implementation,2024-08-14,19:00,A1,No,Confirmed,4.0,0.8,Messenger,Aug,8
1602,Post-Implementation,2024-08-15,10:00,A1,Yes,Confirmed,4.0,1.0,WhatsApp,Aug,8
1603,Post-Implementation,2024-08-15,13:00,A1,Yes,Confirmed,4.0,0.8,WhatsApp,Aug,8
1604,Post-Implementation,2024-08-15,19:00,A1,Yes,Confirmed,5.0,0.7,Messenger,Aug,8
1605,Post-Implementation,2025-08-15,19:00,A2,No,Confirmed,3.0,0.7,Messenger,Aug,8
1606,Post-Implementation,2024-08-15,19:00,B2,No,Confirmed,4.0,0.8,Messenger,Aug,8
1607,Post-Implementation,2024-08-15,19:00,A1,No,Confirmed,3.0,0.7,WhatsApp,Aug,8
1608,Post-Implementation,2024-08-15,19:00,A1,No,Confirmed,4.0,0.7,Messenger,Aug,8
1609,Post-Implementation,2024-08-15,10:00,A1,Yes,Confirmed,3.0,0.9,WhatsApp,Aug,8
1610,Post-Implementation,2024-08-17,19:00,B2,No,Confirmed,5.0,0.9,Messenger,Aug,8
1611,Post-Implementation,2024-08-17,19:00,A1,No,Confirmed,4.0,1.0,WhatsApp,Aug,8
1612,Post-Implementation,2024-08-17,10:00,B1,Yes,Confirmed,3.0,0.6,Messenger,Aug,8
1613,Post-Implementation,2024-08-17,19:00,A1,No,Confirmed,4.0,0.5,WhatsApp,Aug,8
1614,Post-Implementation,2024-08-17,19:00,A2,No,Confirmed,4.0,0.7,WhatsApp,Aug,8
1615,Post-Implementation,2024-08-17,19:00,B1,No,Confirmed,3.0,0.8,WhatsApp,Aug,8
1616,Post-Implementation,2024-08-18,10:00,A1,Yes,Cancelled,4.0,0.7,WhatsApp,Aug,8
1617,Post-Implementation,2024-08-18,19:00,A1,No,Confirmed,4.0,0.5,Messenger,Aug,8
1618,Post-Implementation,2024-08-18,19:00,A1,No,Confirmed,4.0,0.8,WhatsApp,Aug,8
1619,Post-Implementation,2024-08-19,19:00,A1,No,Confirmed,4.0,0.9,WhatsApp,Aug,8
1620,Post-Implementation,2024-08-19,19:00,A2,No,Confirmed,4.0,0.6,Instagram,Aug,8
1621,Post-Implementation,2024-08-19,19:00,A2,No,Confirmed,5.0,0.7,Messenger,Aug,8
1622,Post-Implementation,2024-08-19,19:00,A2,No,Confirmed,5.0,0.5,Messenger,Aug,8
1623,Post-Implementation,2024-08-20,13:00,A1,Yes,Confirmed,4.0,0.8,WhatsApp,Aug,8
1624,Post-Implementation,2024-08-20,10:00,A1,Yes,Confirmed,4.0,0.9,WhatsApp,Aug,8
1625,Post-Implementation,2024-08-20,19:00,B2,No,Confirmed,4.0,1.0,WhatsApp,Aug,8
1626,Post-Implementation,2024-08-21,10:00,A1,Yes,Confirmed,3.0,1.0,Instagram,Aug,8
1627,Post-Implementation,2024-08-21,10:00,A2,No,Cancelled,4.0,0.5,Messenger,Aug,8
1628,Post-Implementation,2024-08-22,19:00,A2,No,Confirmed,4.0,0.8,WhatsApp,Aug,8
1629,Post-Implementation,2024-08-22,13:00,A1,No,Confirmed,5.0,1.0,WhatsApp,Aug,8
1630,Post-Implementation,2024-08-22,19:00,A1,No,Confirmed,5.0,0.8,Messenger,Aug,8
1631,Post-Implementation,2024-08-22,19:00,B2,No,Confirmed,3.0,0.9,WhatsApp,Aug,8
1632,Post-Implementation,2024-08-22,19:00,B2,No,Confirmed,4.0,0.9,WhatsApp,Aug,8
1633,Post-Implementation,2024-08-22,19:00,A1,No,Confirmed,5.0,0.9,Messenger,Aug,8
1634,Post-Implementation,2024-08-22,19:00,A1,Yes,Cancelled,3.0,0.8,Messenger,Aug,8
1635,Post-Implementation,2024-08-24,13:00,A2,No,Confirmed,4.0,0.7,WhatsApp,Aug,8
1636,Post-Implementation,2024-08-24,13:00,A1,No,Confirmed,4.0,0.7,WhatsApp,Aug,8
1637,Post-Implementation,2024-08-24,10:00,A1,No,Confirmed,5.0,0.7,Messenger,Aug,8
1638,Post-Implementation,2024-08-24,19:00,A2,Yes,Confirmed,3.0,0.9,Messenger,Aug,8
1639,Post-Implementation,2024-08-24,19:00,A1,No,Confirmed,4.0,0.8,Instagram,Aug,8
1640,Post-Implementation,2024-08-25,19:00,A2,Yes,Confirmed,4.0,0.8,Instagram,Aug,8
1641,Post-Implementation,2024-08-25,19:00,A1,No,Confirmed,3.0,0.6,Messenger,Aug,8
1642,Post-Implementation,2024-08-25,19:00,A1,Yes,Confirmed,3.0,0.7,Messenger,Aug,8
1643,Post-Implementation,2024-08-28,10:00,A1,Yes,Confirmed,5.0,0.6,Messenger,Aug,8
1644,Post-Implementation,2024-08-28,19:00,B2,No,Confirmed,5.0,0.7,Messenger,Aug,8
1645,Post-Implementation,2024-08-28,19:00,A2,No,Confirmed,5.0,0.8,WhatsApp,Aug,8
1646,Post-Implementation,2024-08-28,19:00,B1,No,Confirmed,3.0,0.8,Instagram,Aug,8
1647,Post-Implementation,2024-08-29,19:00,A1,Yes,Confirmed,4.0,0.7,Instagram,Aug,8
1648,Post-Implementation,2024-08-29,19:00,A2,Yes,Confirmed,4.0,0.8,Instagram,Aug,8
1649,Post-Implementation,2024-08-29,13:00,A1,Yes,Confirmed,3.0,0.5,WhatsApp,Aug,8
1650,Post-Implementation,2024-08-29,10:00,A1,Yes,Confirmed,5.0,0.8,WhatsApp,Aug,8
1651,Post-Implementation,2024-08-29,19:00,A1,Yes,Confirmed,3.0,0.5,WhatsApp,Aug,8
