Student_ID,Period,Registration_Date,Time_Slot,Level,Retention_Flag,Status ,Feedback_Score,Attendance_Rate,Marketing_Channel
1001,Before,10.4.2023,10:00,A1+,Yes,Confirmed,3,0.8,Messenger
1002,Before,13.4.2023,10:00,A2,No,Confirmed,1,0.2,Instagram
1003,Before,13.4.2023,16:00,A2,No,Confirmed,1,0.3,Instagram
1004,Before,15.4.2023,10:00,B1,No,Cancelled,4,0.7,WhatsApp
1005,Before,18.4.2023,19:00,A1+,Yes,Confirmed,2,0.7,WhatsApp
1006,Before,18.4.2023,10:00,A1+,Yes,Confirmed,3,0.5,WhatsApp
1007,Before,18.4.2023,16:00,A1+,Yes,Confirmed,2,0.8,WhatsApp
1008,Before,19.4.2023,10:00,A2,No,Confirmed,2,0.2,Instagram
1009,Before,19.4.2023,10:00,A2+,Yes,Confirmed,5,0.3,Instagram
1010,Before,19.4.2023,10:00,A2+,Yes,Confirmed,2,0.9,WhatsApp
1011,Before,19.4.2023,10:00,A2+,Yes,Confirmed,3,0.5,WhatsApp
1012,Before,19.4.2023,10:00,A2+,Yes,Confirmed,1,0.3,WhatsApp
1013,Before,19.4.2023,10:00,A2+,Yes,Confirmed,3,0.4,WhatsApp
1014,Before,27.4.2023,10:00,A1+,Yes,Confirmed,2,0.7,Messenger
1015,Before,27.4.2023,16:00,A1,No,Cancelled,2,0.2,WhatsApp
1016,Before,29.4.2023,10:00,A1+,Yes,Confirmed,5,0.4,WhatsApp
1017,Before,1.5.2023,19:00,A1,No,Confirmed,2,0.3,WhatsApp
1018,Before,1.5.2023,16:00,B1,No,Confirmed,5,0.4,WhatsApp
1019,Before,1.5.2023,10:00,A1+,Yes,Confirmed,3,0.3,Messenger
1020,Before,1.5.2023,19:00,A1+,Yes,Confirmed,2,0.9,WhatsApp
1021,Before,1.5.2023,10:00,A1,No,Confirmed,5,0.7,Instagram
1022,Before,2.5.2023,19:00,A1,No,Cancelled,3,0.5,Messenger
1023,Before,2.5.2023,10:00,A1+,Yes,Confirmed,5,0.3,WhatsApp
1024,Before,6.5.2023,19:00,A1+,Yes,Confirmed,2,1,WhatsApp
1025,Before,7.5.2023,10:00,A2,No,Confirmed,2,0.6,WhatsApp
1026,Before,10.5.2023,10:00,A1,No,Confirmed,1,0.3,Messenger
1027,Before,10.5.2023,10:00,A1,No,Confirmed,5,0.3,WhatsApp
1028,Before,13.5.2023,16:00,A1+,Yes,Confirmed,4,0.8,Messenger
1029,Before,14.5.2023,10:00,A1,No,Confirmed,4,0.5,WhatsApp
1030,Before,15.5.2023,16:00,A2,No,Confirmed,5,0.1,Messenger
1031,Before,15.5.2023,10:00,A2,No,Confirmed,2,0.5,WhatsApp
1032,Before,16.5.2023,10:00,A1 ,Yes,Confirmed,4,0.9,WhatsApp
1033,Before,16.5.2023,10:00,A1 ,Yes,Confirmed,1,0.7,WhatsApp
1034,Before,16.5.2023,10:00,A1 ,Yes,Confirmed,1,0.9,WhatsApp
1035,Before,22.5.2023,10:00,A1 ,Yes,Confirmed,3,0.6,WhatsApp
1036,Before,23.5.2023,10:00,A1 ,Yes,Confirmed,1,0.1,Messenger
1037,Before,23.5.2023,10:00,B1,No,Confirmed,4,0.1,Messenger
1038,Before,24.5.2023,10:00,B1,No,Confirmed,3,0.3,WhatsApp
1039,Before,27.5.2023,16:00,B1,No,Confirmed,2,0.5,WhatsApp
1040,Before,27.5.2023,10:00,A1 ,Yes,Cancelled,5,0.6,Instagram
1041,Before,27.5.2023,16:00,A1 ,Yes,Confirmed,1,0.4,Instagram
1042,Before,27.5.2023,10:00,A1 ,Yes,Confirmed,5,0.2,WhatsApp
1043,Before,27.5.2023,10:00,A1,No,Cancelled,4,0.3,Messenger
1044,Before,27.5.2023,10:00,A1,No,Cancelled,3,0.5,Messenger
1045,Before,29.5.2023,10:00,A1 ,Yes,Confirmed,2,0.8,Instagram
1046,Before,29.5.2023,10:00,A1 ,Yes,Confirmed,5,0.6,WhatsApp
1047,Before,30.5.2023,16:00,a2,No,Confirmed,1,0.8,Messenger
1048,Before,30.5.2023,16:00,A1,No,Confirmed,2,0.4,Messenger
1049,Before,3.6.2023,10:00,A1,No,Cancelled,2,0.5,WhatsApp
1050,Before,3.6.2023,10:00,A1,No,Confirmed,3,0.2,WhatsApp
1051,Before,3.6.2023,10:00,A1,No,Confirmed,3,0.9,Messenger
1052,Before,4.6.2023,10:00,A1,No,Confirmed,2,0.4,Messenger
1053,Before,5.6.2023,16:00,A1,No,Confirmed,2,0.9,WhatsApp
1054,Before,5.6.2023,10:00,A1,No,Confirmed,3,0.7,Messenger
1055,Before,7.6.2023,16:00,A1+,Yes,Confirmed,3,0.3,Messenger
1056,Before,8.6.2023,10:00,B2,No,Confirmed,2,0.6,Messenger
1057,Before,11.6.2023,16:00,A1,No,Confirmed,3,0.1,Messenger
1058,Before,11.6.2023,19:00,A1,No,Confirmed,4,0.1,Messenger
1059,Before,11.6.2023,10:00,A1,No,Confirmed,1,0.2,WhatsApp
1060,Before,11.6.2023,10:00,A1 ,Yes,Cancelled,5,0.3,WhatsApp
1061,Before,12.6.2023,16:00,A1,No,Confirmed,1,0.9,Messenger
1062,Before,13.6.2023,16:00,A1,No,Confirmed,1,0.7,WhatsApp
1063,Before,13.6.2023,10:00,A1,No,Confirmed,3,0.2,WhatsApp
1064,Before,13.6.2023,10:00,A1,No,Confirmed,5,0.3,WhatsApp
1065,Before,17.6.2023,10:00,A1,No,Confirmed,3,0.5,WhatsApp
1066,Before,17.6.2023,10:00,A1,No,Cancelled,1,0.5,Messenger
1067,Before,17.6.2023,10:00,B2,No,Confirmed,2,0.3,WhatsApp
1068,Before,18.6.2023,10:00,A1,No,Cancelled,3,0.4,Messenger
1069,Before,19.6.2023,10:00,A2,No,Confirmed,4,0.9,Messenger
1070,Before,19.6.2023,10:00,A1,No,Cancelled,2,0.7,Messenger
1071,Before,21.6.2023,10:00,A1,No,Confirmed,3,1,Messenger
1072,Before,22.6.2023,16:00,A1,No,Confirmed,5,0.5,WhatsApp
1073,Before,22.6.2023,16:00,A1,No,Confirmed,4,0.2,WhatsApp
1074,Before,22.6.2023,10:00,A1,No,Confirmed,3,0.2,WhatsApp
1075,Before,22.6.2023,10:00,A1,No,Confirmed,5,0.4,Instagram
1076,Before,24.6.2023,10:00,A1,No,Cancelled,2,0.6,WhatsApp
1077,Before,24.6.2023,10:00,A1,No,Confirmed,3,0.6,WhatsApp
1078,Before,3.7.20231,19:00,A1 ,Yes,Confirmed,2,0.9,Instagram
1079,Before,3.7.2023,19:00,A1 ,Yes,Confirmed,5,0.3,WhatsApp
1080,Before,3.7.2023,19:00,A1 ,Yes,Confirmed,3,0.2,Instagram
1081,Before,3.7.2023,16:00,A2,No,Confirmed,2,0.6,Instagram
1082,Before,3.7.2023,10:00,A1,No,Confirmed,2,0.5,Messenger
1083,Before,4.7.2023,19:00,A1,No,Confirmed,2,1,Messenger
1084,Before,6.7.2023,10:00,A1,No,Confirmed,3,1,WhatsApp
1085,Before,6.7.2023,10:00,A1,No,Confirmed,1,1,Messenger
1086,Before,8.7.2023,10:00,A1,No,Cancelled,4,0.6,WhatsApp
1087,Before,8.7.2023,10:00,A1,No,Confirmed,2,0.5,WhatsApp
1088,Before,8.7.2023,10:00,A1,No,Confirmed,5,0.8,WhatsApp
1089,Before,10.7.2023,16:00,A1,No,Confirmed,2,0.7,Messenger
1090,Before,10.7.2023,10:00,A1,No,Confirmed,4,0.2,Messenger
1091,Before,10.7.2023,19:00,A1,No,Confirmed,2,0.1,WhatsApp
1092,Before,11.7.2023,10:00,A1,No,Confirmed,4,0.4,WhatsApp
1093,Before,11.7.2023,16:00,A1,No,Confirmed,1,0.2,Messenger
1094,Before,11.7.2023,10:00,A1,No,Confirmed,1,0.2,Messenger
1095,Before,11.7.2023,10:00,A1,No,Confirmed,5,0.3,WhatsApp
1096,Before,11.7.2023,10:00,B2,No,Confirmed,3,0.9,WhatsApp
1097,Before,13.7.2023,10:00,A1+,Yes,Confirmed,1,1,Messenger
1098,Before,13.7.2023,10:00,A1,No,Confirmed,3,0.7,Messenger
1099,Before,13.7.2023,10:00,A1,No,Confirmed,2,0.7,WhatsApp
1100,Before,15.7.2023,16:00,A1,No,Confirmed,2,0.3,Messenger
1101,Before,15.7.2023,19:00,A1,No,Cancelled,5,0.2,WhatsApp
1102,Before,16.7.2023,10:00,A1,No,Confirmed,3,0.5,WhatsApp
1103,Before,16.7.2023,10:00,A1,No,Confirmed,5,0.8,Messenger
1104,Before,16.7.2023,16:00,A1,No,Confirmed,1,0.2,Instagram
1105,Before,16.7.2023,19:00,A1+,Yes,Confirmed,1,0.9,WhatsApp
1106,Before,16.7.2023,19:00,A1,No,Cancelled,2,0.3,WhatsApp
1107,Before,16.7.2023,19:00,A1,No,Cancelled,3,0.3,Instagram
1108,Before,16.7.2023,19:00,A1,No,Cancelled,2,0.5,Messenger
1109,Before,17.7.2023,10:00,A1,No,Confirmed,5,0.8,WhatsApp
1110,Before,17.7.2023,10:00,A1,No,Confirmed,4,0.2,WhatsApp
1111,Before,17.7.2023,10:00,A1,No,Confirmed,4,0.2,WhatsApp
1112,Before,17.7.2023,10:00,A1,No,Confirmed,1,0.3,Messenger
1113,Before,17.7.2023,16:00,A1,No,Confirmed,2,0.4,WhatsApp
1114,Before,17.7.2023,16:00,A1,No,Confirmed,2,0.3,Messenger
1115,Before,17.7.2023,16:00,A1,No,Confirmed,1,0.9,WhatsApp
1116,Before,18.7.2023,19:00,A1,No,Confirmed,1,0.1,Messenger
1117,Before,18.7.2023,19:00,A1+,Yes,Confirmed,5,0.9,WhatsApp
1118,Before,18.7.2023,19:00,A1,No,Confirmed,4,0.9,Messenger
1119,Before,20.7.2023,19:00,A2,No,Cancelled,1,0.7,WhatsApp
1120,Before,25.7.2023,19:00,A2,No,Confirmed,4,0.9,WhatsApp
1121,Before,25.7.2023,10:00,A1,No,Confirmed,2,0.5,WhatsApp
1122,Before,25.7.2023,19:00,A1,No,Cancelled,2,0.3,Messenger
1123,Before,25.7.2023,19:00,A1,No,Cancelled,5,0.6,WhatsApp
1124,Before,26.7.2023,19:00,A2,No,Confirmed,2,0.3,WhatsApp
1125,Before,26.7.2023,19:00,B1,No,Cancelled,2,0.3,Instagram
1126,Before,26.7.2023,19:00,A2,No,Confirmed,4,0.4,WhatsApp
1127,Before,29.7.2023,10:00,A1,No,Confirmed,1,0.7,WhatsApp
1128,Before,29.7.2023,19:00,B1,No,Cancelled,5,0.9,Messenger
1129,Before,29.7.2023,19:00,A2,No,Confirmed,3,0.6,Messenger
1130,Before,29.7.2023,16:00,A1,No,Confirmed,2,0.4,WhatsApp
1131,Before,29.7.2023,19:00,A1+,Yes,Confirmed,1,0.2,WhatsApp
1132,Before,29.7.2024,10:00,A1,No,Confirmed,2,0.5,Instagram
1133,Before,29.7.2025,10:00,A1,No,Cancelled,4,0.3,Messenger
1134,Before,31.7.2023,10:00,A1,No,Confirmed,2,0.6,Messenger
1135,Before,31.7.2023,10:00,A1+,Yes,Confirmed,4,0.3,WhatsApp
1136,Before,31.7.2023,19:00,A1+,Yes,Confirmed,2,0.5,WhatsApp
1137,Before,31.7.2023,16:00,A1+,Yes,Confirmed,5,0.5,Messenger
1138,Before,31.7.2023,16:00,A1+,Yes,Confirmed,4,0.9,Messenger
1139,Before,31.7.2023,10:00,A1+,Yes,Confirmed,2,0.9,WhatsApp
1140,Before,31.7.2023,10:00,A1+,Yes,Confirmed,5,0.2,Messenger
1141,Before,31.7.2023,19:00,A2,No,Confirmed,3,0.3,WhatsApp
1142,Before,31.7.2023,19:00,B1,No,Confirmed,2,0.7,Messenger
1143,Before,1.8.2023,16:00,A1,No,Cancelled,4,0.9,WhatsApp
1144,Before,1.8.2023,16:00,A1+,Yes,Confirmed,2,0.1,Messenger
1145,Before,1.8.2023,19:00,B1,No,Confirmed,2,0.5,Messenger
1146,Before,2.8.2023,16:00,A1,No,Confirmed,4,0.7,WhatsApp
1147,Before,2.8.2023,10:00,A1+,Yes,Confirmed,5,1,WhatsApp
1148,Before,3.8.2023,19:00,A1,No,Confirmed,5,0.9,Instagram
1149,Before,5.8.2023,10:00,A1,No,Confirmed,2,0.3,WhatsApp
1150,Before,5.8.2023,10:00,A1+,Yes,Confirmed,5,0.2,Messenger
1151,Before,5.8.2024,19:00,A1+,Yes,Cancelled,4,0.2,WhatsApp
1152,Before,5.8.2025,19:00,A1,No,Cancelled,2,0.3,Messenger
1153,Before,5.8.2026,19:00,A1+,Yes,Cancelled,1,0.7,WhatsApp
1154,Before,5.8.2026,19:00,B1,No,Confirmed,3,0.3,WhatsApp
1155,Before,6.8.2023,19:00,B1,No,Confirmed,1,0.2,Messenger
1156,Before,6.8.2023,10:00,A1,No,Confirmed,2,1,Instagram
1157,Before,6.8.2023,16:00,A1,No,Confirmed,4,0.8,Messenger
1158,Before,7.8.2023,16:00,A1,No,Confirmed,1,0.4,WhatsApp
1159,Before,7.8.2023,10:00,A1+,Yes,Confirmed,1,0.4,WhatsApp
1160,Before,9.8.2023,16:00,A1+,Yes,Confirmed,3,0.7,Messenger
1161,Before,9.8.2023,19:00,A1,No,Confirmed,2,0.2,Messenger
1162,Before,10.8.2023,10:00,A1,No,Confirmed,3,0.2,Instagram
1163,Before,10.8.2023,19:00,B1,No,Cancelled,5,0.5,WhatsApp
1164,Before,12.8.2023,19:00,A1,No,Confirmed,5,0.4,WhatsApp
1165,Before,12.8.2023,19:00,A2,No,Confirmed,3,0.5,WhatsApp
1166,Before,13.8.2023,10:00,A1+,Yes,Confirmed,2,0.4,Instagram
1167,Before,13.8.2023,16:00,A1,No,Confirmed,3,0.5,Messenger
1168,Before,13.8.2023,19:00,A1,No,Cancelled,2,0.8,WhatsApp
1169,Before,13.8.2023,19:00,A1+,Yes,Confirmed,5,0.9,Instagram
1170,Before,13.8.2023,10:00,A1+,Yes,Confirmed,2,0.2,Messenger
1171,Before,16.8.2023,10:00,A1,No,Confirmed,2,0.2,WhatsApp
1172,Before,17.8.2023,16:00,A1+,Yes,Confirmed,2,0.3,WhatsApp
1173,Before,19.8.2023,16:00,A1+,Yes,Confirmed,4,0.5,WhatsApp
1174,Before,19.8.2023,19:00,A1,No,Confirmed,4,0.6,WhatsApp
1175,Before,19.8.2023,16:00,A1+,Yes,Confirmed,5,0.4,Instagram
1176,Before,19.8.2023,16:00,A1+,Yes,Confirmed,3,0.9,WhatsApp
1177,Before,19.8.2023,19:00,A2,No,Confirmed,3,1,WhatsApp
1178,Before,19.8.2023,10:00,A1+,Yes,Confirmed,3,0.8,Messenger
1179,Before,20.8.2023,19:00,A1+,Yes,Confirmed,1,0.5,Instagram
1180,Before,17.8.2023,16:00,A1+,Yes,Confirmed,2,0.6,Messenger
1181,Before,20.8.2023,16:00,A1+,Yes,Confirmed,1,0.7,Messenger
1182,Before,20.8.2023,19:00,A1+,Yes,Confirmed,4,0.3,WhatsApp
1183,Before,20.8.2023,19:00,A1,No,Confirmed,3,0.7,WhatsApp
1184,Before,21.8.2023,10:00,A1,No,Confirmed,1,0.8,WhatsApp
1185,Before,22.8.2023,16:00,A1+,Yes,Confirmed,3,1,Messenger
1186,Before,22.8.2023,10:00,A1,No,Confirmed,5,0.9,Instagram
1187,Before,22.8.2023,10:00,A1,No,Confirmed,2,0.1,Instagram
1188,Before,23.8.2023,16:00,A1,No,Cancelled,3,0.3,Messenger
1189,Before,23.8.2023,16:00,A1,No,Confirmed,4,0.2,Messenger
1190,Before,24.8.2023,16:00,A1,No,Confirmed,1,0.7,WhatsApp
1191,Before,26.8.2023,10:00,A1,No,Confirmed,3,0.6,Messenger
1192,Before,26.8.2023,10:00,A1,No,Confirmed,4,0.5,WhatsApp
1193,Before,26.8.2023,10:00,A1,No,Confirmed,1,0.6,Messenger
1194,Before,26.8.2023,10:00,A1,No,Confirmed,1,0.2,WhatsApp
1195,Before,26.8.2023,19:00,A1,No,Confirmed,1,0.7,Instagram
1196,Before,26.8.2023,16:00,A1,No,Confirmed,2,0.3,WhatsApp
1197,Before,26.8.2024,16:00,A2,No,Confirmed,5,0.9,Messenger
1198,Before,26.8.2024,16:00,A1,No,Confirmed,5,0.5,WhatsApp
1199,Before,27.8.2023,10:00,A1,No,Confirmed,1,0.3,WhatsApp
1200,Before,29.8.2023,19:00,A1,No,Confirmed,4,0.5,WhatsApp
1201,Before,30.8.2023,16:00,A1,No,Confirmed,2,0.2,WhatsApp
1202,Before,30.8.2023,19:00,A2,No,Confirmed,2,0.2,WhatsApp
1203,Before,30.8.2023,16:00,A1+,Yes,Confirmed,1,0.2,WhatsApp
1204,Before,31.8.2023,16:00,A1,No,Confirmed,2,0.8,WhatsApp
1205,After,1.4.2024,19:00,B2,No,Confirmed,4,0.8,WhatsApp
1206,After,1.4.2024,19:00,B2,No,Confirmed,3,0.5,Messenger
1207,After,2.4.2024,13:00,A1,No,Confirmed,4,0.8,Messenger
1208,After,3.4.2024,13:00,A1,No,Cancelled,5,0.8,Instagram
1209,After,3.4.2024,13:00,A1,No,Confirmed,3,1,WhatsApp
1210,After,3.4.2024,13:00,A1,No,Confirmed,4,0.5,WhatsApp
1211,After,4.4.2024,19:00,A1,No,Confirmed,4,0.7,Messenger
1212,After,6.4.2024,13:00,A1,No,Confirmed,4,1,Messenger
1213,After,6.4.2024,16:00,A2+,Yes,Confirmed,4,0.7,WhatsApp
1214,After,6.4.2024,19:00,A1,No,Confirmed,4,0.8,WhatsApp
1215,After,6.4.2024,19:00,A2,No,Confirmed,4,0.5,WhatsApp
1216,After,7.4.2024,19:00,A1+,Yes,Confirmed,5,0.5,WhatsApp
1217,After,8.4.2024,19:00,A1+,Yes,Confirmed,4,0.5,Messenger
1218,After,8.4.2024,19:00,A1,No,Confirmed,5,0.5,WhatsApp
1219,After,8.4.2024,19:00,A1,No,Cancelled,4,0.8,WhatsApp
1220,After,9.4.2024,19:00,A1,No,Confirmed,4,1,WhatsApp
1221,After,15.4.2024,13:00,A1,No,Confirmed,4,0.5,WhatsApp
1222,After,15.4.2024,19:00,B2,No,Confirmed,5,0.7,WhatsApp
1223,After,15.4.2024,16:00,A2,No,Confirmed,4,0.5,Instagram
1224,After,15.4.2024,16:00,A2,No,Confirmed,4,0.7,WhatsApp
1225,After,15.4.2024,13:00,A1,No,Confirmed,4,0.8,Messenger
1226,After,15.4.2024,13:00,A1,No,Cancelled,4,1,WhatsApp
1227,After,15.4.2024,13:00,A1,No,Confirmed,3,1,WhatsApp
1228,After,17.4.2024,13:00,A1,No,Confirmed,5,1,Messenger
1229,After,18.4.2024,16:00,A2,No,Confirmed,4,0.9,WhatsApp
1230,After,18.4.2024,16:00,A2,No,Confirmed,4,0.9,Instagram
1231,After,18.4.2024,19:00,B1 ,Yes,Confirmed,5,0.8,Messenger
1232,After,19.4.2024,16:00,A2,No,Confirmed,3,1,Messenger
1233,After,20.4.2024,16:00,A1,No,Confirmed,5,0.8,WhatsApp
1234,After,21.4.2024,13:00,A1,No,Confirmed,3,0.9,Messenger
1235,After,21.4.2024,19:00,A2,No,Confirmed,3,0.8,WhatsApp
1236,After,21.4.2024,16:00,A1,No,Confirmed,4,0.5,Instagram
1237,After,21.4.2024,16:00,A1,No,Confirmed,3,0.5,WhatsApp
1238,After,21.4.2024,19:00,A1,No,Confirmed,3,1,WhatsApp
1239,After,21.4.2024,19:00,A1+,Yes,Confirmed,4,0.8,Messenger
1240,After,22.4.2024,16:00,A1+,Yes,Confirmed,3,0.8,Instagram
1241,After,22.4.2024,19:00,B1 ,Yes,Confirmed,4,0.9,WhatsApp
1242,After,22.4.2024,16:00,A1,No,Confirmed,3,0.7,Instagram
1243,After,22.4.2024,16:00,A1,No,Confirmed,4,0.7,Messenger
1244,After,22.4.2024,19:00,A1+,Yes,Cancelled,4,0.8,WhatsApp
1245,After,22.4.2024,19:00,A1+,Yes,Confirmed,5,0.8,Messenger
1246,After,23.4.2024,13:00,A1,No,Confirmed,5,0.9,WhatsApp
1247,After,24.4.2024,19:00,B1+,Yes,Cancelled,5,0.6,WhatsApp
1248,After,24.4.2025,19:00,A1+,Yes,Cancelled,5,0.7,WhatsApp
1249,After,24.4.2024,16:00,A1,No,Confirmed,4,0.6,WhatsApp
1250,After,24.4.2024,16:00,A2,No,Confirmed,4,0.9,WhatsApp
1251,After,24.4.2024,16:00,A2,No,Confirmed,4,0.9,Messenger
1252,After,24.4.2024,19:00,A1,No,Confirmed,4,0.8,Messenger
1253,After,27.4.2024,19:00,B1,No,Cancelled,5,0.7,WhatsApp
1254,After,28.4.2024,19:00,B1,No,Confirmed,4,0.8,Messenger
1255,After,28.4.2024,19:00,B1,No,Confirmed,4,0.5,Messenger
1256,After,28.4.2024,19:00,A1+,Yes,Confirmed,5,0.7,Instagram
1257,After,29.4.2024,19:00,A1+,Yes,Confirmed,4,0.7,WhatsApp
1258,After,29.4.2024,16:00,A1,No,Confirmed,3,0.8,Messenger
1259,After,30.4.2024,10-1,A2+,Yes,Confirmed,3,1,Messenger
1260,After,30.4.2024,19:00,A1,No,Confirmed,4,0.7,Instagram
1261,After,30.4.2024,19:00,B1,No,Confirmed,3,0.8,WhatsApp
1262,After,30.4.2024,16:00,A1,No,Confirmed,3,0.8,Messenger
1263,After,1.5.2024,13:00,A1+,Yes,Confirmed,5,0.8,WhatsApp
1264,After,1.5.2024,19:00,A1+,Yes,Cancelled,4,0.8,WhatsApp
1265,After,7.5.2024,19:00,A1,No,Confirmed,4,0.6,Messenger
1266,After,7.5.2024,19:00,B1+,Yes,Confirmed,3,0.8,Instagram
1267,After,8.5.2024,19:00,A2,No,Confirmed,4,1,Messenger
1268,After,8.5.2024,19:00,A2,No,Confirmed,4,0.9,Instagram
1269,After,8.5.2024,19:00,A1+,Yes,Confirmed,4,0.7,Messenger
1270,After,8.5.2024,16:00,A1,No,Cancelled,5,0.7,Messenger
1271,After,9.5.2024,16:00,A1,No,Confirmed,3,1,Instagram
1272,After,9.5.2024,19:00,A1,No,Cancelled,4,0.9,WhatsApp
1273,After,9.5.2024,19:00,A1,No,Confirmed,3,0.5,WhatsApp
1274,After,11.5.2024,19:00,A1+,Yes,Cancelled,3,0.9,Messenger
1275,After,12.5.2024,10:00,A1,No,Confirmed,4,0.7,Messenger
1276,After,12.5.2024,13:00,A1+,Yes,Confirmed,4,0.8,Instagram
1277,After,12.5.2024,13:00,A1,No,Confirmed,5,0.6,WhatsApp
1278,After,12.5.2024,19:00,A2,No,Confirmed,4,0.7,Instagram
1279,After,13.5.2024,19:00,A2 ,Yes,Confirmed,4,0.9,WhatsApp
1280,After,13.5.2024,19:00,A2,No,Cancelled,3,0.8,Messenger
1281,After,13.5.2024,19:00,B1,No,Confirmed,3,0.5,Messenger
1282,After,14.5.2024,13:00,A1,No,Confirmed,3,0.8,WhatsApp
1283,After,15.5.2024,19:00,A1,No,Confirmed,3,0.7,WhatsApp
1284,After,15.2.2024,13:00,A1,No,Confirmed,5,1,Messenger
1285,After,16.5.2024,13:00,A1,No,Confirmed,4,1,WhatsApp
1286,After,16.5.2024,19:00,A1+,Yes,Confirmed,3,0.7,WhatsApp
1287,After,18.5.2024,19:00,A2,No,Confirmed,4,0.5,WhatsApp
1288,After,18.5.2024,13:00,A1,No,Confirmed,4,0.5,WhatsApp
1289,After,19.5.2024,13:00,A1,No,Confirmed,4,0.8,Messenger
1290,After,19.5.2024,10:00,A1,No,Cancelled,4,0.7,Messenger
1291,After,19.5.2024,19:00,A1,No,Confirmed,5,0.7,WhatsApp
1292,After,20.5.2024,13:00,A1,No,Confirmed,4,0.5,Messenger
1293,After,20.5.2024,19:00,A2,No,Confirmed,5,0.5,WhatsApp
1294,After,22.5.2024,19:00,A2,No,Confirmed,3,0.7,Messenger
1295,After,22.5.2024,10:00,A1+,Yes,Confirmed,4,0.7,Instagram
1296,After,22.5.2024,16:00,A1,No,Confirmed,4,0.8,Instagram
1297,After,25.5.2024,19:00,A2,No,Confirmed,5,0.8,WhatsApp
1298,After,25.5.2024,16:00,A1,No,Confirmed,3,1,Messenger
1299,After,26.5.2024,19:00,A1,No,Confirmed,5,1,WhatsApp
1300,After,26.5.2024,13:00,A1,No,Confirmed,4,0.7,WhatsApp
1301,After,26.5.2024,13:00,A1,No,Confirmed,3,0.9,WhatsApp
1302,After,27.5.2024,19:00,A1,No,Confirmed,4,0.9,Messenger
1303,After,27.5.2024,13:00,A1,No,Confirmed,5,0.8,Messenger
1304,After,27.5.2024,13:00,A1,No,Confirmed,3,0.9,WhatsApp
1305,After,27.5.2024,19:00,A2,No,Cancelled,4,1,Messenger
1306,After,27.5.2024,16:00,A2+,Yes,Confirmed,5,0.6,WhatsApp
1307,After,27.5.2024,19:00,A2,No,Confirmed,5,0.5,WhatsApp
1308,After,27.5.2024,13:00,A1+,Yes,Confirmed,4,0.9,Messenger
1309,After,28.5.2024,10:00,A1+,Yes,Confirmed,4,1,Messenger
1310,After,28.5.2024,10:00,A1,No,Cancelled,4,0.6,WhatsApp
1311,After,28.5.2024,10:00,A1,No,Cancelled,3,0.6,WhatsApp
1312,After,28.5.2024,16:00,A1,No,Cancelled,3,0.6,WhatsApp
1313,After,29.5.2024,13:00,A1+,Yes,Confirmed,3,0.5,WhatsApp
1314,After,29.5.2024,13:00,A1,No,Confirmed,3,0.9,WhatsApp
1315,After,29.5.2024,10:00,B2 ,Yes,Confirmed,4,1,Instagram
1316,After,29.5.2024,10:00,A1,No,Confirmed,4,0.8,WhatsApp
1317,After,29.5.2024,13:00,A1,No,Confirmed,3,0.8,WhatsApp
1318,After,29.5.2024,10:00,A2,No,Confirmed,3,0.6,Instagram
1319,After,30.5.2024,19:00,A2 ,Yes,Confirmed,3,0.8,Messenger
1320,After,30.5.2024,10:00,A1+,Yes,Confirmed,4,0.5,WhatsApp
1321,After,30.5.2024,10:00,A1,No,Confirmed,3,0.8,Messenger
1322,After,01.06.2024,16:00,A1,No,Confirmed,3,0.8,Instagram
1323,After,01.06.2024,19:00,B1,No,Cancelled,4,0.8,WhatsApp
1324,After,01.06.2024,16:00,A1+,Yes,Confirmed,4,0.8,WhatsApp
1325,After,02.06.2024,16:00,A1,No,Confirmed,5,0.7,WhatsApp
1326,After,02.06.2024,19:00,B1,No,Cancelled,4,0.7,Instagram
1327,After,02.06.2024,16:00,A2,No,Cancelled,5,0.9,Messenger
1328,After,02.06.2024,19:00,A2,No,Confirmed,4,1,Messenger
1329,After,02.06.2024,19:00,A1,No,Cancelled,3,0.6,WhatsApp
1330,After,02.06.2024,10:00,A1,No,Confirmed,4,0.6,Instagram
1331,After,03.06.2024,19:00,A2,No,Confirmed,5,0.5,Instagram
1332,After,03.06.2024,19:00,B2,No,Cancelled,4,0.6,Instagram
1333,After,03.06.2024,16:00,A1,No,Confirmed,4,0.8,WhatsApp
1334,After,04.06.2024,19:00,B1,No,Confirmed,4,0.7,WhatsApp
1335,After,04.06.2024,19:00,A1,No,Confirmed,3,1,WhatsApp
1336,After,04.06.2024,13:00,A1,No,Confirmed,5,0.6,Messenger
1337,After,05.06.2024,19:00,B2 ,Yes,Cancelled,4,0.7,WhatsApp
1338,After,05.06.2024,13:00,A1,No,Confirmed,4,0.7,Instagram
1339,After,05.06.2024,10:00,A1+,Yes,Confirmed,4,0.9,WhatsApp
1340,After,05.06.2024,19:00,B1,No,Confirmed,3,0.8,Messenger
1341,After,05.06.2024,16:00,A1+,Yes,Confirmed,4,1,Messenger
1342,After,05.06.2024,19:00,B1,No,Confirmed,3,0.8,Messenger
1343,After,05.06.2024,19:00,B1,No,Confirmed,5,0.5,Messenger
1344,After,05.06.2024,10:00,A1+,Yes,Confirmed,4,0.9,WhatsApp
1345,After,06.06.2024,19:00,A1,No,Confirmed,5,0.9,WhatsApp
1346,After,08.06.2024,10:00,A1,No,Confirmed,4,0.9,Messenger
1347,After,08.06.2024,10:00,A1+,Yes,Cancelled,3,0.7,Messenger
1348,After,09.06.2024,10:00,A1,No,Confirmed,5,0.5,WhatsApp
1349,After,09.06.2024,19:00,A2,No,Confirmed,4,0.7,WhatsApp
1350,After,09.06.2024,10:00,A1,No,Confirmed,3,0.8,Instagram
1351,After,09.06.2024,13:00,A1+,Yes,Confirmed,4,0.6,Messenger
1352,After,09.06.2024,13:00,A1+,Yes,Confirmed,5,0.6,Messenger
1353,After,09.06.2024,13:00,A1,No,Confirmed,3,0.6,Instagram
1354,After,09.06.2024,19:00,B1,No,Confirmed,4,0.6,Messenger
1355,After,09.06.2024,10:00,A1,No,Cancelled,5,0.5,Messenger
1356,After,09.06.2024,19:00,B1+,Yes,Cancelled,4,0.9,Messenger
1357,After,10.06.2024,19:00,B1+,Yes,Cancelled,4,0.8,WhatsApp
1358,After,10.06.2024,19:00,A1,No,Confirmed,3,0.6,Messenger
1359,After,11.06.2024,19:00,A2,No,Confirmed,4,0.8,Messenger
1360,After,12.06.2024,19:00,A1,No,Confirmed,3,0.6,Instagram
1361,After,12.06.2024,19:00,B1 ,Yes,Confirmed,5,1,Messenger
1362,After,13.06.2024,19:00,A1,No,Confirmed,4,0.7,Instagram
1363,After,20.06.2024,19:00,A1,No,Confirmed,3,1,WhatsApp
1364,After,22.06.2024,10:00,A1,No,Confirmed,5,0.8,Instagram
1365,After,22.06.2024,10:00,A2,No,Confirmed,3,1,Instagram
1366,After,22.06.2024,10:00,A2,No,Confirmed,5,0.8,Messenger
1367,After,22.06.2024,19:00,A1+,Yes,Cancelled,5,0.7,WhatsApp
1368,After,22.06.2024,10:00,A1+,Yes,Confirmed,4,0.8,WhatsApp
1369,After,22.06.2024,10:00,A1+,Yes,Confirmed,4,0.6,WhatsApp
1370,After,23.06.2024,13:00,A1+,Yes,Confirmed,3,0.9,Messenger
1371,After,23.06.2024,19:00,A1+,Yes,Confirmed,4,0.7,Instagram
1372,After,24.06.2024,10:00,B1,No,Cancelled,5,0.7,WhatsApp
1373,After,24.06.2024,10:00,A1+,Yes,Confirmed,4,0.8,Instagram
1374,After,24.06.2024,19:00,B1+,Yes,Confirmed,4,0.5,Instagram
1375,After,24.06.2024,19:00,B1+,Yes,Confirmed,4,0.9,WhatsApp
1376,After,24.06.2024,10:00,B1+,Yes,Confirmed,3,0.7,Messenger
1377,After,24.06.2024,19:00,A1,No,Confirmed,4,0.8,Messenger
1378,After,24.06.2024,19:00,A1,No,Confirmed,5,0.9,Messenger
1379,After,24.06.2024,16:00,A1,No,Confirmed,4,0.8,WhatsApp
1380,After,24.06.2024,10:00,A1+,Yes,Confirmed,5,0.8,WhatsApp
1381,After,24.06.2024,16:00,A1+,Yes,Confirmed,4,0.9,Messenger
1382,After,25.06.2024,19:00,A1,No,Confirmed,3,1,WhatsApp
1383,After,25.06.2024,19:00,B1+,Yes,Confirmed,4,0.8,Instagram
1384,After,25.06.2024,19:00,B1,No,Confirmed,3,0.7,Instagram
1385,After,25.06.2024,16:00,A1,No,Confirmed,4,0.7,Instagram
1386,After,25.06.2024,16:00,A1+,Yes,Confirmed,4,0.9,Messenger
1387,After,25.06.2024,19:00,A1,No,Confirmed,5,0.8,Instagram
1388,After,26.06.2024,10:00,A1,No,Confirmed,3,0.7,Messenger
1389,After,26.06.2024,10:00,A1,No,Confirmed,4,0.7,Instagram
1390,After,26.06.2024,10:00,A1,No,Confirmed,5,0.8,Messenger
1391,After,26.06.2024,10:00,A1,No,Confirmed,5,1,Instagram
1392,After,26.06.2024,19:00,A1,No,Cancelled,4,0.6,Messenger
1393,After,26.06.2024,16:00,A1,No,Confirmed,3,0.7,WhatsApp
1394,After,26.06.2024,16:00,A1+,Yes,Confirmed,3,0.9,WhatsApp
1395,After,26.06.2024,19:00,A1,No,Confirmed,3,0.8,WhatsApp
1396,After,26.06.2024,19:00,A1,No,Confirmed,3,0.8,WhatsApp
1397,After,26.06.2024,19:00,B1+,Yes,Confirmed,4,0.6,Instagram
1398,After,26.06.2024,19:00,B1,No,Confirmed,4,0.7,WhatsApp
1399,After,26.06.2024,19:00,A2,No,Confirmed,3,0.9,WhatsApp
1400,After,26.06.2024,16:00,A1,No,Confirmed,4,0.6,Messenger
1401,After,27.6.2024,10:00,B1,No,Confirmed,4,0.5,Messenger
1402,After,27.06.2024,16:00,A1,No,Confirmed,4,0.7,WhatsApp
1403,After,27.06.2024,10:00,A2,No,Confirmed,4,0.8,WhatsApp
1404,After,27.06.2024,10:00,A1+,Yes,Confirmed,4,0.7,Messenger
1405,After,27.06.2024,10:00,A1+,Yes,Confirmed,4,1,Messenger
1406,After,27.06.2024,10:00,A1,No,Confirmed,5,0.9,WhatsApp
1407,After,27.06.2024,19:00,A1,No,Confirmed,4,0.6,WhatsApp
1408,After,27.06.2024,16:00,A1+,Yes,Confirmed,3,0.8,Instagram
1409,After,27.06.2024,16:00,A1,No,Confirmed,5,0.7,Messenger
1410,After,28.06.2025,16:00,A1,No,Confirmed,4,1,Instagram
1411,After,29.06.2024,10:00,A1 ,Yes,Confirmed,4,0.8,Messenger
1412,After,29.06.2024,10:00,A1,No,Cancelled,5,0.7,Instagram
1413,After,29.06.2024,16:00,A1,No,Confirmed,4,0.5,WhatsApp
1414,After,29.06.2024,13:00,A1,No,Confirmed,4,0.7,Messenger
1415,After,29.06.2024,16:00,A2,No,Confirmed,5,0.8,WhatsApp
1416,After,29.06.2024,19:00,B1,No,Confirmed,3,0.8,WhatsApp
1417,After,30.06.2024,19:00,A1,No,Confirmed,4,0.9,Instagram
1418,After,30.06.2024,16:00,A1,No,Confirmed,4,1,Messenger
1419,After,30.06.2024,17:00,B1+,Yes,Confirmed,4,1,WhatsApp
1420,After,30.06.2024,10:00,A1,No,Confirmed,3,1,Messenger
1421,After,01.07.2024,10:00,A1,No,Confirmed,5,1,WhatsApp
1422,After,01.07.2024,11:00,B1+,Yes,Confirmed,5,0.7,Messenger
1423,After,01.07.2024,16:00,A1,No,Cancelled,4,1,WhatsApp
1424,After,01.07.2024,19:00,A1,No,Confirmed,3,0.8,Messenger
1425,After,02.07.2024,13:00,A1+,Yes,Confirmed,4,0.8,WhatsApp
1426,After,02.07.2024,16:00,A1+,Yes,Confirmed,3,0.6,Messenger
1427,After,02.07.2024,10:00,B1,No,Confirmed,4,0.7,WhatsApp
1428,After,03.07.2024,19:00,A2,No,Confirmed,4,0.6,Instagram
1429,After,03.07.2024,10:00,A1+,Yes,Confirmed,5,0.8,WhatsApp
1430,After,03.07.2024,13:00,A1,No,Cancelled,4,0.9,WhatsApp
1431,After,04.07.2024,10:00,B1,No,Confirmed,4,1,Messenger
1432,After,04.07.2024,10:00,B1,No,Confirmed,3,0.6,WhatsApp
1433,After,04.07.2024,10:00,B1,No,Confirmed,3,1,WhatsApp
1434,After,04.07.2024,13:00,A1,No,Confirmed,5,1,WhatsApp
1435,After,04.07.2024,19:00,A2,No,Confirmed,5,0.7,Instagram
1436,After,04.07.2024,16:00,A1+,Yes,Confirmed,4,0.6,Messenger
1437,After,04.07.2024,10:00,B1,No,Confirmed,4,0.6,WhatsApp
1438,After,04.07.2024,19:00,A1,No,Confirmed,4,0.5,WhatsApp
1439,After,06.07.2024,10:00,A2,No,Confirmed,5,0.8,WhatsApp
1440,After,07.07.2024,10:00,A1,No,Confirmed,4,0.8,WhatsApp
1441,After,07.07.2024,19:00,A2,No,Confirmed,4,0.7,WhatsApp
1442,After,07.07.2024,10:00,A1,No,Confirmed,3,0.6,Messenger
1443,After,07.07.2024,10:00,A1,No,Confirmed,5,0.5,Messenger
1444,After,07.07.2024,10:00,A1,No,Confirmed,3,0.5,Messenger
1445,After,07.07.2024,10:00,A2+,Yes,Confirmed,5,1,WhatsApp
1446,After,08.07.2024,19:00,A2,No,Confirmed,3,0.7,Messenger
1447,After,08.07.2024,10:00,A2,No,Confirmed,3,0.6,Messenger
1448,After,08.07.2024,16:00,A1,No,Cancelled,5,0.5,Messenger
1449,After,08.07.2024,10:00,A2+,Yes,Confirmed,4,1,WhatsApp
1450,After,08.07.2024,16:00,A2,No,Confirmed,3,0.6,WhatsApp
1451,After,08.07.2024,10:00,A1,No,Cancelled,4,0.9,WhatsApp
1452,After,08.07.2024,10:00,A1,No,Cancelled,5,0.8,WhatsApp
1453,After,08.07.2024,10:00,A1,No,Confirmed,4,0.6,WhatsApp
1454,After,09.07.2024,19:00,A1,No,Confirmed,4,0.8,Messenger
1455,After,09.07.2024,16:00,A2,No,Confirmed,5,0.6,Messenger
1456,After,09.07.2024,10:00,A2,No,Confirmed,3,0.8,WhatsApp
1457,After,10.07.2024,16:00,A1+,Yes,Cancelled,3,0.7,Messenger
1458,After,10.07.2024,10:00,A1+,Yes,Confirmed,5,0.8,WhatsApp
1459,After,10.07.2024,19:00,B1,No,Confirmed,4,0.7,WhatsApp
1460,After,10.07.2024,10:00,A1,No,Confirmed,4,1,Messenger
1461,After,11.07.2024,19:00,A1+,Yes,Confirmed,3,0.5,Messenger
1462,After,13.07.2024,10:00,A1+,Yes,Confirmed,4,0.8,Messenger
1463,After,13.07.2024,10:00,A1,No,Confirmed,4,0.6,Messenger
1464,After,13.07.2024,10:00,A1,No,Confirmed,4,0.5,WhatsApp
1465,After,13.07.2024,10:00,A1,No,Confirmed,4,0.8,Messenger
1466,After,13.07.2024,10:00,A1,No,Confirmed,3,0.7,Instagram
1467,After,13.07.2024,19:00,A1,No,Confirmed,4,0.7,WhatsApp
1468,After,13.07.2024,10:00,A1+,Yes,Cancelled,4,0.6,WhatsApp
1469,After,14.07.2024,16:00,A1   ,Yes,Confirmed,4,0.7,Instagram
1470,After,14.07.2024,10:00,B1,No,Confirmed,5,0.8,Instagram
1471,After,14.07.2024,16:00,A1+,Yes,Confirmed,4,1,Messenger
1472,After,14.07.2024,10:00,A1+,Yes,Confirmed,5,0.8,Messenger
1473,After,14.07.2024,10:00,A2,No,Confirmed,3,0.7,WhatsApp
1474,After,14.07.2024,13:00,A1+,Yes,Cancelled,4,0.8,Instagram
1475,After,15.07.2024,13:00,A1+,Yes,Confirmed,4,0.8,Instagram
1476,After,15.07.2024,13:00,A1+,Yes,Cancelled,5,0.7,Messenger
1477,After,15.07.2024,10:00,A1+,Yes,Confirmed,5,0.8,Messenger
1478,After,15.07.2024,19:00,A1 ,Yes,Cancelled,4,1,Messenger
1479,After,15.07.2024,10:00,A2,No,Confirmed,4,1,WhatsApp
1480,After,15.07.2024,10:00,A1+,Yes,Confirmed,4,0.7,Instagram
1481,After,15.07.2024,10:00,A1,No,Confirmed,4,0.5,Messenger
1482,After,15.07.2024,19:00,A1 ,Yes,Confirmed,4,0.5,Messenger
1483,After,16.07.2024,10:00,A1+,Yes,Confirmed,5,0.7,WhatsApp
1484,After,16.07.2024,10:00,A2,No,Cancelled,4,0.8,WhatsApp
1485,After,16.07.2024,16:00,A2,No,Confirmed,4,0.5,Instagram
1486,After,16.07.2024,19:00,B2,No,Confirmed,4,0.7,WhatsApp
1487,After,16.07.2024,10:00,A2,No,Confirmed,4,0.6,Instagram
1488,After,17.07.2024,19:00,A1,No,Confirmed,4,0.6,WhatsApp
1489,After,17.07.2024,16:00,A2+,Yes,Confirmed,3,0.5,WhatsApp
1490,After,17.07.2024,19:00,A2+,Yes,Confirmed,4,0.9,Messenger
1491,After,17.07.2024,13:00,A2+,Yes,Confirmed,4,0.7,WhatsApp
1492,After,17.07.2024,19:00,A2+,Yes,Confirmed,3,1,Instagram
1493,After,17.07.2024,19:00,A2+,Yes,Confirmed,4,1,WhatsApp
1494,After,18.07.2024,10:00,A2+,Yes,Cancelled,4,0.7,Messenger
1495,After,18.07.2024,10:00,A2+,Yes,Confirmed,5,1,Messenger
1496,After,18.07.2024,10:00,A1+,Yes,Confirmed,5,1,WhatsApp
1497,After,18.07.2024,16:00,A1+,Yes,Confirmed,5,0.6,Messenger
1498,After,20.07.2024,16:00,A1+,Yes,Confirmed,4,0.8,Messenger
1499,After,20.07.2024,10:00,A1+,Yes,Confirmed,3,0.7,WhatsApp
1500,After,20.07.2024,16:00,A1+,Yes,Confirmed,5,0.7,WhatsApp
1501,After,20.07.2024,19:00,A1+,Yes,Confirmed,3,0.9,Messenger
1502,After,20.07.2024,16:00,A1+,Yes,Confirmed,4,1,WhatsApp
1503,After,20.07.2024,13:00,A1+,Yes,Confirmed,3,1,WhatsApp
1504,After,20.07.2024,19:00,B2 ,Yes,Confirmed,5,0.7,Instagram
1505,After,21.07.2024,19:00,B2,No,Confirmed,5,0.8,Messenger
1506,After,21.07.2024,16:00,A1+,Yes,Confirmed,5,0.5,Messenger
1507,After,21.07.2024,16:00,B1,No,Confirmed,4,0.7,WhatsApp
1508,After,21.07.2024,19:00,B2,No,Confirmed,4,0.7,Messenger
1509,After,21.07.2024,10:00,A1,No,Cancelled,5,0.7,WhatsApp
1510,After,21.07.2024,19:00,A2,No,Confirmed,5,0.8,Messenger
1511,After,22.07.2024,13:00,A1+,Yes,Confirmed,3,0.7,WhatsApp
1512,After,22.07.2024,13:00,A1+,Yes,Confirmed,3,0.7,WhatsApp
1513,After,22.07.2024,10:00,A1+,Yes,Confirmed,4,0.8,Messenger
1514,After,23.07.2024,10:00,A2,No,Cancelled,4,0.8,Messenger
1515,After,23.07.2024,10:00,B1,No,Cancelled,4,0.7,WhatsApp
1516,After,23.07.2024,19:00,A1,No,Cancelled,5,0.8,WhatsApp
1517,After,23.07.2024,10:00,B1,No,Confirmed,5,0.7,Messenger
1518,After,23.07.2024,13:00,A1+,Yes,Confirmed,3,0.7,Messenger
1519,After,24.07.2024,16:00,A1+,Yes,Confirmed,5,0.5,Instagram
1520,After,24.07.2024,10:00,A1+,Yes,Confirmed,5,1,Instagram
1521,After,24.07.2024,16:00,A1+,Yes,Confirmed,4,0.9,WhatsApp
1522,After,24.07.2024,19:00,B2,No,Confirmed,4,1,WhatsApp
1523,After,24.07.2024,19:00,B2,No,Confirmed,4,0.5,WhatsApp
1524,After,25.07.2024,13:00,A1,No,Confirmed,5,0.8,Messenger
1525,After,27.07.2024,16:00,A2+,Yes,Confirmed,4,0.8,WhatsApp
1526,After,27.07.2024,16:00,A1,No,Confirmed,3,1,Messenger
1527,After,27.07.2024,10:00,A1+,Yes,Cancelled,3,0.5,WhatsApp
1528,After,27.07.2024,16:00,A1+,Yes,Confirmed,5,1,WhatsApp
1529,After,27.07.2024,19:00,A2,No,Confirmed,4,0.8,WhatsApp
1530,After,28.07.2024,10:00,A1+ ,Yes,Cancelled,3,0.8,Instagram
1531,After,28.07.2024,10:00,A1+ ,Yes,Cancelled,4,0.8,WhatsApp
1532,After,28.07.2024,13:00,A1,No,Confirmed,5,0.9,WhatsApp
1533,After,28.07.2024,19:00,A1,No,Cancelled,4,1,WhatsApp
1534,After,29.07.2024,19:00,A2,No,Confirmed,3,0.5,Messenger
1535,After,29.07.2024,19:00,B1,No,Confirmed,3,0.9,Messenger
1536,After,29.07.2024,19:00,A2 ,Yes,Cancelled,3,0.8,Instagram
1537,After,29.07.2024,13:00,A1,No,Confirmed,3,0.7,Messenger
1538,After,29.07.2024,16:00,A1+,Yes,Confirmed,4,0.6,Messenger
1539,After,29.07.2024,16:00,A1+,Yes,Confirmed,3,0.5,WhatsApp
1540,After,30.07.2024,16:00,A2,No,Confirmed,3,0.6,WhatsApp
1541,After,30.07.2024,13:00,A2,No,Cancelled,4,0.8,WhatsApp
1542,After,30.07.2024,13:00,A2,No,Confirmed,5,1,Instagram
1543,After,30.07.2024,16:00,A2,No,Confirmed,5,0.8,WhatsApp
1544,After,31.07.2024,10:00,A1,No,Confirmed,3,0.6,Messenger
1545,After,31.07.2024,10:00,A1+,Yes,Confirmed,5,0.7,WhatsApp
1546,After,31.07.2024,10:00,A1,No,Confirmed,5,0.8,WhatsApp
1547,After,31.07.2024,16:00,A2,No,Confirmed,5,0.5,WhatsApp
1548,After,31.07.2024,19:00,A1+,Yes,Confirmed,4,0.8,Messenger
1549,After,01.08.2024,13:00,A1,No,Confirmed,4,0.9,WhatsApp
1550,After,01.08.2024,19:00,A1,No,Confirmed,5,0.6,WhatsApp
1551,After,01.08.2024,19:00,A2,No,Cancelled,4,0.6,Messenger
1552,After,01.08.2024,19:00,A1,No,Confirmed,3,0.9,Messenger
1553,After,01.08.2024,19:00,B1,No,Confirmed,3,0.7,Messenger
1554,After,01.08.2024,16:00,A2+,Yes,Confirmed,4,0.7,WhatsApp
1555,After,03.08.2024,10:00,A1+,Yes,Confirmed,3,0.7,Messenger
1556,After,03.08.2024,19:00,A1,No,Confirmed,3,0.7,WhatsApp
1557,After,03.08.2024,19:00,A1,No,Confirmed,3,0.6,WhatsApp
1558,After,04.08.2024,16:00,A1+,Yes,Confirmed,3,0.8,Messenger
1559,After,04.08.2024,13:00,A1+,Yes,Cancelled,5,0.8,WhatsApp
1560,After,04.08.2024,10:00,A1+,Yes,Cancelled,5,0.7,Messenger
1561,After,05.08.2024,10:00,A1+,Yes,Cancelled,4,0.8,WhatsApp
1562,After,05.08.2024,16:00,A1,No,Confirmed,5,0.6,Instagram
1563,After,05.08.2024,16:00,A1,No,Confirmed,5,0.5,WhatsApp
1564,After,05.08.2024,16:00,A2,No,Confirmed,3,0.8,WhatsApp
1565,After,05.08.2024,16:00,A2,No,Confirmed,4,0.5,Messenger
1566,After,06.08.2024,19:00,A2,No,Confirmed,4,0.9,WhatsApp
1567,After,06.08.2024,19:00,A2,No,Confirmed,3,0.8,Messenger
1568,After,06.08.2024,19:00,A1,No,Confirmed,3,0.5,WhatsApp
1569,After,06.08.2024,19:00,B1,No,Confirmed,3,0.7,WhatsApp
1570,After,06.08.2024,16:00,A1,No,Confirmed,5,0.7,Messenger
1571,After,07.08.2024,16:00,A2+,Yes,Cancelled,5,1,Messenger
1572,After,07.08.2024,10:00,A1+,Yes,Confirmed,5,0.8,Instagram
1573,After,07.08.2024,16:00,A1,No,Confirmed,5,1,Messenger
1574,After,07.08.2024,13:00,A1+,Yes,Confirmed,3,0.5,Messenger
1575,After,07.08.2024,13:00,A1+,Yes,Confirmed,3,0.8,WhatsApp
1576,After,07.08.2024,19:00,A1,No,Cancelled,5,0.8,Instagram
1577,After,08.08.2024,19:00,A1+,Yes,Confirmed,4,1,Instagram
1578,After,08.08.2024,16:00,A2,No,Confirmed,3,0.7,WhatsApp
1579,After,08.08.2024,19:00,A1+,Yes,Confirmed,3,1,Instagram
1580,After,08.08.2024,19:00,A1+,Yes,Confirmed,4,1,Messenger
1581,After,10.08.2024,10:00,A2+,Yes,Confirmed,5,0.8,WhatsApp
1582,After,10.08.2024,19:00,A1,No,Confirmed,4,0.7,WhatsApp
1583,After,10.08.2024,13:00,A1+,Yes,Confirmed,4,0.7,Messenger
1584,After,10.08.2024,19:00,A1,No,Confirmed,4,0.8,WhatsApp
1585,After,10.08.2024,19:00,A1,No,Confirmed,3,0.9,Messenger
1586,After,11.08.2024,16:00,A1,No,Confirmed,3,0.9,WhatsApp
1587,After,11.08.2024,16:00,A1,No,Confirmed,5,0.5,Messenger
1588,After,11.08.2024,13:00,A1,No,Confirmed,3,0.9,Instagram
1589,After,11.08.2024,13:00,A1+,Yes,Confirmed,5,0.7,Messenger
1590,After,11.08.2024,19:00,A1,No,Confirmed,4,1,Messenger
1591,After,12.08.2024,16:00,A1,No,Confirmed,3,0.5,WhatsApp
1592,After,12.08.2024,16:00,A1,No,Confirmed,4,0.6,WhatsApp
1593,After,12.08.2024,16:00,A2,No,Confirmed,4,0.7,Instagram
1594,After,12.08.2024,16:00,A2,No,Confirmed,4,1,Messenger
1595,After,12.08.2024,16:00,B1+,Yes,Confirmed,3,1,WhatsApp
1596,After,12.08.2024,19:00,B1,No,Cancelled,3,0.8,Messenger
1597,After,12.08.2024,16:00,A1+,Yes,Confirmed,5,0.8,WhatsApp
1598,After,12.08.2024,16:00,B1,No,Confirmed,3,0.7,WhatsApp
1599,After,12.08.2024,19:00,A1,No,Confirmed,3,0.8,WhatsApp
1600,After,14.08.2024,16:00,A1,No,Confirmed,4,0.8,Messenger
1601,After,14.08.2024,19:00,A1,No,Confirmed,4,0.8,Messenger
1602,After,15.08.2024,10:00,A1+,Yes,Confirmed,4,1,WhatsApp
1603,After,15.08.2024,13:00,A1+,Yes,Confirmed,4,0.8,WhatsApp
1604,After,15.08.2024,19:00,A1+,Yes,Confirmed,5,0.7,Messenger
1605,After,15.08.2025,19:00,A2,No,Confirmed,3,0.7,Messenger
1606,After,15.08.2024,19:00,B2,No,Confirmed,4,0.8,Messenger
1607,After,15.08.2024,19:00,A1,No,Confirmed,3,0.7,WhatsApp
1608,After,15.08.2024,19:00,A1,No,Confirmed,4,0.7,Messenger
1609,After,15.08.2024,10:00,A1+,Yes,Confirmed,3,0.9,WhatsApp
1610,After,17.08.2024,19:00,B2,No,Confirmed,5,0.9,Messenger
1611,After,17.08.2024,19:00,A1,No,Confirmed,4,1,WhatsApp
1612,After,17.08.2024,10:00,B1+,Yes,Confirmed,3,0.6,Messenger
1613,After,17.08.2024,19:00,A1,No,Confirmed,4,0.5,WhatsApp
1614,After,17.08.2024,19:00,A2,No,Confirmed,4,0.7,WhatsApp
1615,After,17.08.2024,19:00,B1,No,Confirmed,3,0.8,WhatsApp
1616,After,18.08.2024,10:00,A1+,Yes,Cancelled,4,0.7,WhatsApp
1617,After,18.08.2024,19:00,A1,No,Confirmed,4,0.5,Messenger
1618,After,18.08.2024,19:00,A1,No,Confirmed,4,0.8,WhatsApp
1619,After,19.08.2024,19:00,A1,No,Confirmed,4,0.9,WhatsApp
1620,After,19.08.2024,19:00,A2,No,Confirmed,4,0.6,Instagram
1621,After,19.08.2024,19:00,A2,No,Confirmed,5,0.7,Messenger
1622,After,19.08.2024,19:00,A2,No,Confirmed,5,0.5,Messenger
1623,After,20.08.2024,13:00,A1+,Yes,Confirmed,4,0.8,WhatsApp
1624,After,20.08.2024,10:00,A1+,Yes,Confirmed,4,0.9,WhatsApp
1625,After,20.08.2024,19:00,B2,No,Confirmed,4,1,WhatsApp
1626,After,21.08.2024,10:00,A1+,Yes,Confirmed,3,1,Instagram
1627,After,21.08.2024,10:00,A2,No,Cancelled,4,0.5,Messenger
1628,After,22.08.2024,19:00,A2,No,Confirmed,4,0.8,WhatsApp
1629,After,22.08.2024,13:00,A1,No,Confirmed,5,1,WhatsApp
1630,After,22.08.2024,19:00,A1,No,Confirmed,5,0.8,Messenger
1631,After,22.08.2024,19:00,B2,No,Confirmed,3,0.9,WhatsApp
1632,After,22.08.2024,19:00,B2,No,Confirmed,4,0.9,WhatsApp
1633,After,22.08.2024,19:00,A1,No,Confirmed,5,0.9,Messenger
1634,After,22.08.2024,19:00,A1+,Yes,Cancelled,3,0.8,Messenger
1635,After,24.08.2024,13:00,A2,No,Confirmed,4,0.7,WhatsApp
1636,After,24.08.2024,13:00,A1,No,Confirmed,4,0.7,WhatsApp
1637,After,24.08.2024,10:00,A1,No,Confirmed,5,0.7,Messenger
1638,After,24.08.2024,19:00,A2+,Yes,Confirmed,3,0.9,Messenger
1639,After,24.08.2024,19:00,A1,No,Confirmed,4,0.8,Instagram
1640,After,25.08.2024,19:00,A2+,Yes,Confirmed,4,0.8,Instagram
1641,After,25.08.2024,19:00,A1,No,Confirmed,3,0.6,Messenger
1642,After,25.08.2024,19:00,A1+,Yes,Confirmed,3,0.7,Messenger
1643,After,28.08.2024,10:00,A1+,Yes,Confirmed,5,0.6,Messenger
1644,After,28.08.2024,19:00,B2,No,Confirmed,5,0.7,Messenger
1645,After,28.08.2024,19:00,A2,No,Confirmed,5,0.8,WhatsApp
1646,After,28.08.2024,19:00,B1,No,Confirmed,3,0.8,Instagram
1647,After,29.08.2024,19:00,A1+,Yes,Confirmed,4,0.7,Instagram
1648,After,29.08.2024,19:00,A2+,Yes,Confirmed,4,0.8,Instagram
1649,After,29.08.2024,13:00,A1+,Yes,Confirmed,3,0.5,WhatsApp
1650,After,29.08.2024,10:00,A1+,Yes,Confirmed,5,0.8,WhatsApp
1651,After,29.08.2024,19:00,A1+,Yes,Confirmed,3,0.5,WhatsApp
,,,,,,,,,
,,,,,,,,,
,,,,,,,,,
,,,,,,,,,
,,,,,,,,,
,,,,,,,,,
,,,,,,,,,
,,,,,,,,,
,,,,,,,,,
,,,,,,,,,
,,,,,,,,,
,,,,,,,,,
,,,,,,,,,
,,,,,,,,,
,,,,,,,,,
,,,,,,,,,
,,,,,,,,,
,,,,,,,,,
,,,,,,,,,
,,,,,,,,,
,,,,,,,,,
,,,,,,,,,
,,,,,,,,,
,,,,,,,,,
,,,,,,,,,
,,,,,,,,,
,,,,,,,,,
,,,,,,,,,
,,,,,,,,,
,,,,,,,,,
,,,,,,,,,
,,,,,,,,,
,,,,,,,,,
,,,,,,,,,
,,,,,,,,,
,,,,,,,,,
,,,,,,,,,
,,,,,,,,,
,,,,,,,,,
,,,,,,,,,
,,,,,,,,,
,,,,,,,,,
,,,,,,,,,
,,,,,,,,,
,,,,,,,,,
,,,,,,,,,
,,,,,,,,,
,,,,,,,,,
,,,,,,,,,
,,,,,,,,,
,,,,,,,,,
,,,,,,,,,
,,,,,,,,,
,,,,,,,,,
,,,,,,,,,
,,,,,,,,,
,,,,,,,,,
,,,,,,,,,
,,,,,,,,,
,,,,,,,,,
,,,,,,,,,
,,,,,,,,,
,,,,,,,,,
,,,,,,,,,
,,,,,,,,,
,,,,,,,,,
,,,,,,,,,
,,,,,,,,,
,,,,,,,,,
,,,,,,,,,
,,,,,,,,,
,,,,,,,,,
,,,,,,,,,
,,,,,,,,,
,,,,,,,,,
,,,,,,,,,
,,,,,,,,,
,,,,,,,,,
,,,,,,,,,
,,,,,,,,,
,,,,,,,,,
,,,,,,,,,
,,,,,,,,,
,,,,,,,,,
,,,,,,,,,
,,,,,,,,,
,,,,,,,,,
,,,,,,,,,
,,,,,,,,,
,,,,,,,,,
,,,,,,,,,
,,,,,,,,,
,,,,,,,,,
,,,,,,,,,
,,,,,,,,,
,,,,,,,,,
,,,,,,,,,
,,,,,,,,,
,,,,,,,,,
,,,,,,,,,
,,,,,,,,,
,,,,,,,,,
,,,,,,,,,
,,,,,,,,,
,,,,,,,,,
,,,,,,,,,
,,,,,,,,,
,,,,,,,,,
,,,,,,,,,
,,,,,,,,,
,,,,,,,,,
,,,,,,,,,
,,,,,,,,,
,,,,,,,,,
,,,,,,,,,
,,,,,,,,,
,,,,,,,,,
,,,,,,,,,
,,,,,,,,,
,,,,,,,,,
,,,,,,,,,
,,,,,,,,,
,,,,,,,,,
,,,,,,,,,
,,,,,,,,,
,,,,,,,,,
,,,,,,,,,
,,,,,,,,,
,,,,,,,,,
,,,,,,,,,
,,,,,,,,,
,,,,,,,,,
,,,,,,,,,
,,,,,,,,,
,,,,,,,,,
,,,,,,,,,
,,,,,,,,,
,,,,,,,,,
,,,,,,,,,
,,,,,,,,,
,,,,,,,,,
,,,,,,,,,
,,,,,,,,,
,,,,,,,,,
,,,,,,,,,
,,,,,,,,,
,,,,,,,,,
,,,,,,,,,
,,,,,,,,,
,,,,,,,,,
,,,,,,,,,
,,,,,,,,,
,,,,,,,,,
,,,,,,,,,
,,,,,,,,,
,,,,,,,,,
,,,,,,,,,
,,,,,,,,,
,,,,,,,,,
,,,,,,,,,
,,,,,,,,,
,,,,,,,,,
,,,,,,,,,
,,,,,,,,,
,,,,,,,,,
,,,,,,,,,
,,,,,,,,,
,,,,,,,,,
,,,,,,,,,
,,,,,,,,,
,,,,,,,,,
,,,,,,,,,
,,,,,,,,,
,,,,,,,,,
,,,,,,,,,
,,,,,,,,,
,,,,,,,,,
,,,,,,,,,
,,,,,,,,,
,,,,,,,,,
,,,,,,,,,
,,,,,,,,,
,,,,,,,,,
,,,,,,,,,
,,,,,,,,,
,,,,,,,,,
,,,,,,,,,
,,,,,,,,,
,,,,,,,,,
,,,,,,,,,
,,,,,,,,,
,,,,,,,,,
,,,,,,,,,
,,,,,,,,,
,,,,,,,,,
,,,,,,,,,
,,,,,,,,,
,,,,,,,,,
,,,,,,,,,
,,,,,,,,,
,,,,,,,,,
,,,,,,,,,
,,,,,,,,,
,,,,,,,,,
,,,,,,,,,
,,,,,,,,,
,,,,,,,,,
,,,,,,,,,
,,,,,,,,,
,,,,,,,,,
,,,,,,,,,
,,,,,,,,,
,,,,,,,,,
,,,,,,,,,
,,,,,,,,,
,,,,,,,,,
,,,,,,,,,
,,,,,,,,,
,,,,,,,,,
,,,,,,,,,
,,,,,,,,,
,,,,,,,,,
,,,,,,,,,
,,,,,,,,,
,,,,,,,,,
,,,,,,,,,
,,,,,,,,,
,,,,,,,,,
,,,,,,,,,
,,,,,,,,,
,,,,,,,,,
,,,,,,,,,
,,,,,,,,,
,,,,,,,,,
,,,,,,,,,
,,,,,,,,,
,,,,,,,,,
,,,,,,,,,
,,,,,,,,,
,,,,,,,,,
,,,,,,,,,
,,,,,,,,,
,,,,,,,,,
,,,,,,,,,
,,,,,,,,,
,,,,,,,,,
,,,,,,,,,
,,,,,,,,,
,,,,,,,,,
,,,,,,,,,
,,,,,,,,,
,,,,,,,,,
,,,,,,,,,
,,,,,,,,,
,,,,,,,,,
,,,,,,,,,
,,,,,,,,,
,,,,,,,,,
,,,,,,,,,
,,,,,,,,,
,,,,,,,,,
,,,,,,,,,
,,,,,,,,,
,,,,,,,,,
,,,,,,,,,
,,,,,,,,,
,,,,,,,,,
,,,,,,,,,
,,,,,,,,,
,,,,,,,,,
,,,,,,,,,
,,,,,,,,,
,,,,,,,,,
,,,,,,,,,
,,,,,,,,,
,,,,,,,,,
,,,,,,,,,
,,,,,,,,,
,,,,,,,,,
,,,,,,,,,
,,,,,,,,,
,,,,,,,,,
,,,,,,,,,
,,,,,,,,,
,,,,,,,,,
,,,,,,,,,
,,,,,,,,,
,,,,,,,,,
,,,,,,,,,
,,,,,,,,,
,,,,,,,,,
,,,,,,,,,
,,,,,,,,,
,,,,,,,,,
,,,,,,,,,
,,,,,,,,,
,,,,,,,,,
,,,,,,,,,
,,,,,,,,,
,,,,,,,,,
,,,,,,,,,
,,,,,,,,,
,,,,,,,,,
,,,,,,,,,
,,,,,,,,,
,,,,,,,,,
,,,,,,,,,
,,,,,,,,,
,,,,,,,,,
,,,,,,,,,
,,,,,,,,,
,,,,,,,,,
,,,,,,,,,
,,,,,,,,,
,,,,,,,,,
,,,,,,,,,
,,,,,,,,,
,,,,,,,,,
,,,,,,,,,
,,,,,,,,,
,,,,,,,,,
,,,,,,,,,
,,,,,,,,,
,,,,,,,,,
,,,,,,,,,
,,,,,,,,,
,,,,,,,,,
,,,,,,,,,
,,,,,,,,,
,,,,,,,,,
,,,,,,,,,
,,,,,,,,,
,,,,,,,,,
,,,,,,,,,
,,,,,,,,,
,,,,,,,,,
,,,,,,,,,
,,,,,No,,,,
,,,,,Yes,,,,
,,,,,No,,,,
,,,,,Yes,,,,
,,,,,No,,,,
,,,,,No,,,,
,,,,,Yes,,,,
,,,,,No,,,,
,,,,,No,,,,
,,,,,Yes,,,,
,,,,,No,,,,
,,,,,No,,,,
,,,,,No,,,,
,,,,,Yes,,,,
,,,,,Yes,,,,
,,,,,No,,,,
,,,,,No,,,,
,,,,,No,,,,
,,,,,Yes,,,,
,,,,,Yes,,,,
,,,,,No,,,,
,,,,,No,,,,
,,,,,No,,,,
,,,,,Yes,,,,
,,,,,No,,,,
,,,,,No,,,,
,,,,,No,,,,
,,,,,No,,,,
,,,,,No,,,,
,,,,,Yes,,,,
,,,,,Yes,,,,
,,,,,Yes,,,,
,,,,,Yes,,,,
,,,,,Yes,,,,
,,,,,No,,,,
,,,,,Yes,,,,
,,,,,Yes,,,,
,,,,,Yes,,,,
,,,,,Yes,,,,
,,,,,No,,,,
,,,,,No,,,,
,,,,,No,,,,
,,,,,Yes,,,,
,,,,,Yes,,,,
,,,,,No,,,,
,,,,,Yes,,,,
,,,,,No,,,,
,,,,,No,,,,
,,,,,Yes,,,,
,,,,,No,,,,
,,,,,No,,,,
,,,,,No,,,,
,,,,,No,,,,
,,,,,No,,,,
,,,,,No,,,,
,,,,,No,,,,
,,,,,Yes,,,,
,,,,,No,,,,
,,,,,No,,,,
,,,,,Yes,,,,
,,,,,No,,,,
,,,,,No,,,,
,,,,,No,,,,
,,,,,No,,,,
,,,,,No,,,,
,,,,,No,,,,
,,,,,Yes,,,,
,,,,,Yes,,,,
,,,,,No,,,,
,,,,,No,,,,
,,,,,Yes,,,,
,,,,,No,,,,
,,,,,No,,,,
,,,,,Yes,,,,
,,,,,No,,,,
,,,,,No,,,,
,,,,,No,,,,
,,,,,No,,,,
,,,,,No,,,,
,,,,,No,,,,
,,,,,No,,,,
,,,,,Yes,,,,
,,,,,No,,,,
,,,,,No,,,,
,,,,,Yes,,,,
,,,,,No,,,,
,,,,,No,,,,
,,,,,Yes,,,,
,,,,,Yes,,,,
,,,,,No,,,,
,,,,,No,,,,
,,,,,Yes,,,,
,,,,,No,,,,
,,,,,No,,,,
,,,,,No,,,,
,,,,,No,,,,
,,,,,No,,,,
,,,,,No,,,,
,,,,,Yes,,,,
,,,,,No,,,,
,,,,,No,,,,
,,,,,No,,,,
,,,,,No,,,,
,,,,,No,,,,
,,,,,No,,,,
,,,,,No,,,,
,,,,,No,,,,
,,,,,Yes,,,,
,,,,,No,,,,
,,,,,No,,,,
,,,,,No,,,,
,,,,,Yes,,,,
,,,,,No,,,,
,,,,,No,,,,
,,,,,No,,,,
,,,,,No,,,,
,,,,,No,,,,
,,,,,No,,,,
,,,,,No,,,,
,,,,,Yes,,,,
,,,,,Yes,,,,
,,,,,No,,,,
,,,,,No,,,,
,,,,,Yes,,,,
,,,,,Yes,,,,
,,,,,No,,,,
,,,,,No,,,,
,,,,,No,,,,
,,,,,No,,,,
,,,,,No,,,,
,,,,,Yes,,,,
,,,,,Yes,,,,
,,,,,No,,,,
,,,,,Yes,,,,
,,,,,Yes,,,,
,,,,,No,,,,
,,,,,Yes,,,,
,,,,,Yes,,,,
,,,,,Yes,,,,
,,,,,Yes,,,,
,,,,,Yes,,,,
,,,,,No,,,,
,,,,,Yes,,,,
,,,,,No,,,,
,,,,,Yes,,,,
,,,,,Yes,,,,
,,,,,No,,,,
,,,,,No,,,,
,,,,,No,,,,
,,,,,No,,,,
,,,,,No,,,,
,,,,,Yes,,,,
,,,,,Yes,,,,
,,,,,Yes,,,,
,,,,,Yes,,,,
,,,,,Yes,,,,
,,,,,Yes,,,,
,,,,,Yes,,,,
,,,,,Yes,,,,
,,,,,Yes,,,,
,,,,,Yes,,,,
,,,,,Yes,,,,
,,,,,Yes,,,,
,,,,,Yes,,,,
,,,,,Yes,,,,
,,,,,Yes,,,,
,,,,,Yes,,,,
,,,,,No,,,,
,,,,,Yes,,,,
,,,,,No,,,,
,,,,,No,,,,
,,,,,No,,,,
,,,,,No,,,,
,,,,,Yes,,,,
,,,,,Yes,,,,
,,,,,Yes,,,,
,,,,,No,,,,
,,,,,No,,,,
,,,,,No,,,,
,,,,,No,,,,
,,,,,Yes,,,,
,,,,,Yes,,,,
,,,,,Yes,,,,
,,,,,Yes,,,,
,,,,,No,,,,
,,,,,No,,,,
,,,,,No,,,,
,,,,,Yes,,,,
,,,,,No,,,,
,,,,,Yes,,,,
,,,,,Yes,,,,
,,,,,No,,,,
,,,,,Yes,,,,
,,,,,Yes,,,,
,,,,,No,,,,
,,,,,No,,,,
,,,,,No,,,,
,,,,,No,,,,
,,,,,Yes,,,,
,,,,,No,,,,
,,,,,Yes,,,,
,,,,,Yes,,,,
,,,,,No,,,,
,,,,,No,,,,
,,,,,No,,,,
,,,,,No,,,,
,,,,,No,,,,
,,,,,Yes,,,,
,,,,,No,,,,
,,,,,No,,,,
,,,,,Yes,,,,
,,,,,No,,,,
,,,,,No,,,,
,,,,,No,,,,
,,,,,No,,,,
,,,,,No,,,,
,,,,,Yes,,,,
,,,,,Yes,,,,
,,,,,No,,,,
,,,,,No,,,,
,,,,,Yes,,,,
,,,,,Yes,,,,
,,,,,Yes,,,,
,,,,,Yes,,,,
,,,,,No,,,,
,,,,,No,,,,
,,,,,No,,,,
,,,,,No,,,,
,,,,,No,,,,
,,,,,No,,,,
,,,,,No,,,,
,,,,,No,,,,
,,,,,No,,,,
,,,,,Yes,,,,
,,,,,Yes,,,,
,,,,,No,,,,
,,,,,Yes,,,,
,,,,,Yes,,,,
,,,,,No,,,,
,,,,,Yes,,,,
,,,,,No,,,,
,,,,,Yes,,,,
,,,,,Yes,,,,
,,,,,Yes,,,,
,,,,,No,,,,
,,,,,Yes,,,,
,,,,,No,,,,
,,,,,No,,,,
,,,,,No,,,,
,,,,,No,,,,
,,,,,No,,,,
,,,,,Yes,,,,
,,,,,No,,,,
,,,,,No,,,,
,,,,,No,,,,
,,,,,No,,,,
,,,,,No,,,,
,,,,,Yes,,,,
,,,,,No,,,,
,,,,,Yes,,,,
,,,,,No,,,,
,,,,,No,,,,
,,,,,No,,,,
,,,,,No,,,,
,,,,,Yes,,,,
,,,,,Yes,,,,
,,,,,Yes,,,,
,,,,,No,,,,
,,,,,No,,,,
,,,,,No,,,,
,,,,,No,,,,
,,,,,Yes,,,,
,,,,,No,,,,
,,,,,No,,,,
,,,,,Yes,,,,
,,,,,No,,,,
,,,,,No,,,,
,,,,,No,,,,
,,,,,Yes,,,,
,,,,,No,,,,
,,,,,No,,,,
,,,,,No,,,,
,,,,,No,,,,
,,,,,No,,,,
,,,,,No,,,,
,,,,,Yes,,,,
,,,,,Yes,,,,
,,,,,No,,,,
,,,,,Yes,,,,
,,,,,No,,,,
,,,,,No,,,,
,,,,,No,,,,
,,,,,No,,,,
,,,,,No,,,,
,,,,,No,,,,
,,,,,No,,,,
,,,,,Yes,,,,
,,,,,No,,,,
,,,,,No,,,,
,,,,,No,,,,
,,,,,Yes,,,,
,,,,,No,,,,
,,,,,Yes,,,,
,,,,,No,,,,
,,,,,Yes,,,,
,,,,,Yes,,,,
,,,,,No,,,,
,,,,,No,,,,
,,,,,No,,,,
,,,,,Yes,,,,
,,,,,Yes,,,,
,,,,,Yes,,,,
,,,,,Yes,,,,
,,,,,Yes,,,,